last,first,pos,num,takeaways,oz_take,nz_take,dz_take,p1_take,p2_take,p3_take,ot_take,5v5_take,ev_take,pp_take,sh_take
ELLIOTT,BRIAN,G,1,0.0,0.0,0.0,0.0,0.0,0.0,0.0,0.0,0.0,0.0,0.0,0.0
CAMPBELL,JACK,G,1,0.0,0.0,0.0,0.0,0.0,0.0,0.0,0.0,0.0,0.0,0.0,0.0
ENROTH,JHONAS,G,1,0.0,0.0,0.0,0.0,0.0,0.0,0.0,0.0,0.0,0.0,0.0,0.0
HILLER,JONAS,G,1,0.0,0.0,0.0,0.0,0.0,0.0,0.0,0.0,0.0,0.0,0.0,0.0
SAROS,JUUSE,G,1,0.0,0.0,0.0,0.0,0.0,0.0,0.0,0.0,0.0,0.0,0.0,0.0
KINKAID,KEITH,G,1,0.0,0.0,0.0,0.0,0.0,0.0,0.0,0.0,0.0,0.0,0.0,0.0
BROSSOIT,LAURENT,G,1,0.0,0.0,0.0,0.0,0.0,0.0,0.0,0.0,0.0,0.0,0.0,0.0
LUONGO,ROBERTO,G,1,0.0,0.0,0.0,0.0,0.0,0.0,0.0,0.0,0.0,0.0,0.0,0.0
VARLAMOV,SEMYON,G,1,0.0,0.0,0.0,0.0,0.0,0.0,0.0,0.0,0.0,0.0,0.0,0.0
GREISS,THOMAS,G,1,0.0,0.0,0.0,0.0,0.0,0.0,0.0,0.0,0.0,0.0,0.0,0.0
QUINE,ALAN,C,10,1.0,1.0,0.0,0.0,1.0,0.0,0.0,0.0,1.0,1.0,0.0,0.0
STREET,BEN,C,10,0.0,0.0,0.0,0.0,0.0,0.0,0.0,0.0,0.0,0.0,0.0,0.0
SCHENN,BRAYDEN,C,10,30.0,13.0,6.0,11.0,11.0,10.0,9.0,0.0,25.0,29.0,1.0,0.0
SISSONS,COLTON,C,10,2.0,1.0,0.0,1.0,1.0,0.0,1.0,0.0,1.0,1.0,0.0,1.0
MILLER,J.T.,C,10,40.0,17.0,12.0,11.0,9.0,21.0,9.0,1.0,37.0,39.0,1.0,0.0
SCHROEDER,JORDAN,C,10,1.0,0.0,1.0,0.0,1.0,0.0,0.0,0.0,1.0,1.0,0.0,0.0
RICHARDS,MIKE,C,10,12.0,5.0,1.0,6.0,3.0,6.0,3.0,0.0,7.0,7.0,0.0,5.0
PRINCE,SHANE,C,10,10.0,2.0,4.0,4.0,2.0,3.0,4.0,1.0,9.0,10.0,0.0,0.0
EHRHOFF,CHRISTIAN,D,10,5.0,0.0,1.0,4.0,2.0,0.0,3.0,0.0,4.0,5.0,0.0,0.0
DUCLAIR,ANTHONY,L,10,26.0,18.0,2.0,6.0,14.0,5.0,7.0,0.0,22.0,22.0,4.0,0.0
SCHNEIDER,COLE,L,10,0.0,0.0,0.0,0.0,0.0,0.0,0.0,0.0,0.0,0.0,0.0,0.0
ANGELIDIS,MIKE,L,10,1.0,0.0,0.0,1.0,1.0,0.0,0.0,0.0,0.0,0.0,0.0,1.0
SHARP,PATRICK,L,10,51.0,19.0,17.0,15.0,16.0,15.0,19.0,1.0,43.0,48.0,2.0,1.0
PERRY,COREY,R,10,25.0,9.0,9.0,7.0,9.0,9.0,7.0,0.0,24.0,24.0,1.0,0.0
VERSTEEG,KRIS,R,10,1.0,0.0,0.0,1.0,0.0,0.0,1.0,0.0,1.0,1.0,0.0,0.0
YAKUPOV,NAIL,R,10,27.0,13.0,9.0,5.0,8.0,11.0,8.0,0.0,23.0,23.0,4.0,0.0
UPSHALL,SCOTTIE,R,10,19.0,7.0,6.0,6.0,7.0,5.0,7.0,0.0,16.0,16.0,0.0,3.0
DESJARDINS,ANDREW,C,11,26.0,13.0,3.0,10.0,10.0,11.0,5.0,0.0,19.0,20.0,0.0,6.0
KOPITAR,ANZE,C,11,43.0,19.0,12.0,12.0,13.0,17.0,12.0,1.0,33.0,35.0,4.0,4.0
PIRRI,BRANDON,C,11,2.0,0.0,1.0,1.0,2.0,0.0,0.0,0.0,2.0,2.0,0.0,0.0
BOYLE,BRIAN,C,11,15.0,4.0,6.0,5.0,2.0,7.0,6.0,0.0,12.0,12.0,0.0,3.0
HODGSON,CODY,C,11,7.0,5.0,0.0,2.0,2.0,3.0,2.0,0.0,7.0,7.0,0.0,0.0
HUBERDEAU,JONATHAN,C,11,32.0,9.0,12.0,11.0,7.0,11.0,13.0,1.0,26.0,30.0,0.0,2.0
STAAL,JORDAN,C,11,55.0,23.0,17.0,15.0,20.0,15.0,20.0,0.0,43.0,46.0,0.0,9.0
PORTER,KEVIN,C,11,7.0,4.0,2.0,1.0,1.0,3.0,3.0,0.0,5.0,5.0,0.0,2.0
HANZAL,MARTIN,C,11,27.0,12.0,6.0,9.0,9.0,4.0,12.0,2.0,19.0,21.0,4.0,2.0
BACKLUND,MIKAEL,C,11,57.0,32.0,11.0,14.0,17.0,18.0,22.0,0.0,49.0,52.0,1.0,4.0
PRINCE,SHANE,C,11,9.0,4.0,3.0,2.0,3.0,4.0,2.0,0.0,9.0,9.0,0.0,0.0
HYMAN,ZACH,C,11,9.0,6.0,1.0,2.0,5.0,1.0,3.0,0.0,6.0,6.0,1.0,2.0
LERG,BRYAN,L,11,0.0,0.0,0.0,0.0,0.0,0.0,0.0,0.0,0.0,0.0,0.0,0.0
MCKENZIE,CURTIS,L,11,1.0,1.0,0.0,0.0,0.0,1.0,0.0,0.0,1.0,1.0,0.0,0.0
CALVERT,MATT,L,11,36.0,13.0,9.0,14.0,13.0,14.0,9.0,0.0,25.0,26.0,0.0,10.0
PARISE,ZACH,L,11,39.0,21.0,12.0,6.0,14.0,6.0,17.0,2.0,31.0,35.0,3.0,1.0
GALLAGHER,BRENDAN,R,11,30.0,18.0,5.0,7.0,11.0,10.0,9.0,0.0,28.0,28.0,2.0,0.0
HAYES,JIMMY,R,11,25.0,7.0,13.0,5.0,8.0,6.0,11.0,0.0,24.0,25.0,0.0,0.0
GIONTA,STEPHEN,R,11,17.0,4.0,3.0,10.0,8.0,4.0,5.0,0.0,13.0,14.0,0.0,3.0
STAAL,ERIC,C,12,62.0,29.0,12.0,21.0,25.0,10.0,26.0,1.0,54.0,56.0,4.0,2.0
LEHTERA,JORI,C,12,29.0,15.0,8.0,6.0,10.0,15.0,3.0,1.0,21.0,24.0,1.0,4.0
BAILEY,JOSH,C,12,41.0,11.0,10.0,20.0,12.0,11.0,17.0,1.0,37.0,38.0,0.0,3.0
FISHER,MIKE,C,12,21.0,6.0,4.0,11.0,4.0,9.0,8.0,0.0,15.0,16.0,0.0,5.0
MARLEAU,PATRICK,C,12,46.0,23.0,11.0,12.0,17.0,16.0,10.0,3.0,31.0,34.0,6.0,6.0
FAKSA,RADEK,C,12,20.0,6.0,8.0,6.0,6.0,10.0,4.0,0.0,16.0,17.0,0.0,3.0
BOUCHER,REID,C,12,9.0,5.0,3.0,1.0,3.0,1.0,5.0,0.0,9.0,9.0,0.0,0.0
KLINKHAMMER,ROB,C,12,3.0,2.0,0.0,1.0,1.0,1.0,1.0,0.0,2.0,2.0,0.0,1.0
LOVEJOY,BEN,D,12,20.0,3.0,0.0,17.0,7.0,6.0,7.0,0.0,18.0,18.0,0.0,2.0
PAILLE,DANIEL,L,12,5.0,1.0,1.0,3.0,0.0,2.0,3.0,0.0,4.0,4.0,0.0,1.0
RAFFL,MICHAEL,L,12,31.0,18.0,5.0,8.0,8.0,9.0,14.0,0.0,31.0,31.0,0.0,0.0
FLEISCHMANN,TOMAS,L,12,5.0,0.0,3.0,2.0,1.0,2.0,2.0,0.0,4.0,4.0,0.0,1.0
RICHARDSON,BRAD,R,12,26.0,10.0,3.0,13.0,6.0,9.0,11.0,0.0,23.0,24.0,0.0,2.0
GIONTA,BRIAN,R,12,31.0,11.0,9.0,11.0,11.0,7.0,13.0,0.0,28.0,28.0,0.0,3.0
JONES,DAVID,R,12,4.0,2.0,1.0,1.0,1.0,3.0,0.0,0.0,4.0,4.0,0.0,0.0
STAFFORD,DREW,R,12,30.0,17.0,6.0,7.0,14.0,5.0,10.0,1.0,22.0,25.0,1.0,4.0
IGINLA,JAROME,R,12,22.0,10.0,7.0,5.0,6.0,8.0,8.0,0.0,21.0,21.0,1.0,0.0
GABORIK,MARIAN,R,12,13.0,6.0,5.0,2.0,4.0,6.0,3.0,0.0,12.0,12.0,1.0,0.0
PAQUETTE,CEDRIC,C,13,16.0,4.0,5.0,7.0,7.0,5.0,4.0,0.0,12.0,12.0,0.0,4.0
JANMARK,MATTIAS,C,13,26.0,13.0,7.0,6.0,5.0,10.0,11.0,0.0,26.0,26.0,0.0,0.0
BONINO,NICK,C,13,32.0,9.0,7.0,16.0,8.0,13.0,10.0,1.0,22.0,24.0,1.0,7.0
DATSYUK,PAVEL,C,13,48.0,22.0,13.0,13.0,15.0,16.0,16.0,1.0,42.0,46.0,2.0,0.0
TANEV,BRANDON,L,13,0.0,0.0,0.0,0.0,0.0,0.0,0.0,0.0,0.0,0.0,0.0,0.0
GAUDREAU,JOHNNY,L,13,41.0,20.0,10.0,11.0,16.0,10.0,11.0,4.0,33.0,39.0,2.0,0.0
CLIFFORD,KYLE,L,13,5.0,4.0,1.0,0.0,1.0,1.0,3.0,0.0,5.0,5.0,0.0,0.0
CAMMALLERI,MICHAEL,L,13,0.0,0.0,0.0,0.0,0.0,0.0,0.0,0.0,0.0,0.0,0.0,0.0
CAMMALLERI,MIKE,L,13,19.0,9.0,5.0,5.0,7.0,6.0,5.0,1.0,16.0,18.0,1.0,0.0
PAUL,NICK,L,13,9.0,3.0,4.0,2.0,2.0,4.0,3.0,0.0,9.0,9.0,0.0,0.0
SEMIN,ALEXANDER,R,13,6.0,4.0,1.0,1.0,2.0,2.0,2.0,0.0,5.0,5.0,1.0,0.0
ATKINSON,CAM,R,13,43.0,16.0,11.0,16.0,16.0,16.0,10.0,1.0,25.0,27.0,6.0,10.0
HAYES,KEVIN,R,13,24.0,14.0,5.0,5.0,13.0,5.0,6.0,0.0,23.0,24.0,0.0,0.0
BROWN,MIKE,R,13,2.0,0.0,0.0,2.0,0.0,2.0,0.0,0.0,2.0,2.0,0.0,0.0
HENRIQUE,ADAM,C,14,38.0,12.0,9.0,17.0,18.0,16.0,4.0,0.0,27.0,27.0,2.0,9.0
GREENING,COLIN,C,14,0.0,0.0,0.0,0.0,0.0,0.0,0.0,0.0,0.0,0.0,0.0,0.0
NYQUIST,GUSTAV,C,14,28.0,15.0,7.0,6.0,13.0,3.0,11.0,1.0,26.0,27.0,1.0,0.0
VITALE,JOE,C,14,0.0,0.0,0.0,0.0,0.0,0.0,0.0,0.0,0.0,0.0,0.0,0.0
EBERLE,JORDAN,C,14,30.0,17.0,3.0,10.0,9.0,12.0,9.0,0.0,26.0,28.0,2.0,0.0
GERBE,NATHAN,C,14,13.0,7.0,2.0,4.0,4.0,3.0,6.0,0.0,11.0,13.0,0.0,0.0
COUTURIER,SEAN,C,14,27.0,7.0,6.0,14.0,7.0,9.0,10.0,1.0,16.0,18.0,4.0,5.0
PLEKANEC,TOMAS,C,14,15.0,4.0,5.0,6.0,2.0,4.0,8.0,1.0,8.0,11.0,2.0,2.0
EKHOLM,MATTIAS,D,14,26.0,2.0,2.0,22.0,13.0,7.0,6.0,0.0,21.0,22.0,0.0,4.0
HICKEY,THOMAS,D,14,18.0,3.0,4.0,11.0,7.0,2.0,9.0,0.0,14.0,16.0,0.0,2.0
BURROWS,ALEXANDRE,L,14,27.0,16.0,4.0,7.0,8.0,9.0,10.0,0.0,25.0,25.0,0.0,2.0
COMEAU,BLAKE,L,14,31.0,7.0,5.0,19.0,15.0,10.0,5.0,1.0,26.0,27.0,0.0,4.0
KUNITZ,CHRIS,L,14,33.0,15.0,9.0,9.0,12.0,7.0,14.0,0.0,30.0,30.0,3.0,0.0
BENN,JAMIE,L,14,65.0,22.0,20.0,23.0,23.0,22.0,17.0,3.0,54.0,57.0,0.0,8.0
PELUSO,ANTHONY,R,14,3.0,1.0,1.0,1.0,1.0,1.0,1.0,0.0,3.0,3.0,0.0,0.0
CONNOLLY,BRETT,R,14,11.0,4.0,4.0,3.0,2.0,6.0,3.0,0.0,11.0,11.0,0.0,0.0
FONTAINE,JUSTIN,R,14,17.0,3.0,6.0,8.0,6.0,3.0,8.0,0.0,10.0,10.0,0.0,7.0
WILLIAMS,JUSTIN,R,14,37.0,20.0,9.0,8.0,15.0,13.0,9.0,0.0,30.0,30.0,2.0,5.0
PANIK,RICHARD,R,14,6.0,3.0,2.0,1.0,3.0,1.0,2.0,0.0,6.0,6.0,0.0,0.0
TIKHONOV,VIKTOR,R,14,5.0,4.0,1.0,0.0,2.0,3.0,0.0,0.0,5.0,5.0,0.0,0.0
NESTRASIL,ANDREJ,C,15,29.0,9.0,9.0,11.0,8.0,13.0,8.0,0.0,28.0,29.0,0.0,0.0
ANDREOFF,ANDY,C,15,12.0,4.0,3.0,5.0,5.0,2.0,5.0,0.0,12.0,12.0,0.0,0.0
ANISIMOV,ARTEM,C,15,28.0,11.0,7.0,10.0,18.0,3.0,7.0,0.0,21.0,21.0,2.0,5.0
GORDON,BOYD,C,15,10.0,3.0,1.0,6.0,4.0,1.0,5.0,0.0,7.0,7.0,0.0,3.0
SMITH,CRAIG,C,15,42.0,16.0,13.0,13.0,15.0,19.0,8.0,0.0,41.0,42.0,0.0,0.0
EICHEL,JACK,C,15,43.0,20.0,11.0,12.0,16.0,13.0,13.0,1.0,39.0,40.0,3.0,0.0
SHEAHAN,RILEY,C,15,20.0,10.0,3.0,7.0,7.0,8.0,5.0,0.0,17.0,17.0,0.0,3.0
FABBRI,ROBBY,C,15,27.0,13.0,7.0,7.0,11.0,9.0,7.0,0.0,26.0,26.0,1.0,0.0
GETZLAF,RYAN,C,15,48.0,20.0,15.0,13.0,13.0,15.0,20.0,0.0,37.0,37.0,5.0,6.0
SMITH,ZACK,C,15,33.0,9.0,7.0,17.0,11.0,10.0,12.0,0.0,27.0,27.0,0.0,6.0
SMID,LADISLAV,D,15,1.0,1.0,0.0,0.0,0.0,0.0,1.0,0.0,1.0,1.0,0.0,0.0
DEL ZOTTO,MICHAEL,D,15,14.0,2.0,3.0,9.0,6.0,5.0,3.0,0.0,12.0,12.0,0.0,2.0
NEMETH,PATRIK,D,15,5.0,0.0,0.0,5.0,3.0,1.0,1.0,0.0,4.0,4.0,0.0,1.0
GLASS,TANNER,L,15,4.0,1.0,1.0,2.0,2.0,1.0,1.0,0.0,2.0,2.0,0.0,2.0
FLEISCHMANN,TOMAS,L,15,33.0,16.0,8.0,9.0,6.0,13.0,13.0,1.0,27.0,29.0,1.0,3.0
CLUTTERBUCK,CAL,R,15,21.0,7.0,3.0,11.0,5.0,7.0,9.0,0.0,12.0,12.0,0.0,9.0
DORSETT,DEREK,R,15,11.0,6.0,3.0,2.0,4.0,2.0,5.0,0.0,10.0,10.0,0.0,1.0
HALISCHUK,MATT,R,15,5.0,1.0,1.0,3.0,1.0,1.0,3.0,0.0,5.0,5.0,0.0,0.0
PARENTEAU,PIERRE-ALEXANDRE,R,15,29.0,14.0,7.0,8.0,11.0,10.0,7.0,1.0,26.0,27.0,2.0,0.0
RUUTU,TUOMO,R,15,10.0,4.0,3.0,3.0,2.0,3.0,5.0,0.0,10.0,10.0,0.0,0.0
BARKOV,ALEKSANDER,C,16,45.0,16.0,12.0,17.0,20.0,17.0,6.0,2.0,34.0,38.0,3.0,4.0
BASS,CODY,C,16,2.0,0.0,0.0,2.0,1.0,0.0,1.0,0.0,1.0,1.0,0.0,1.0
BRASSARD,DERICK,C,16,47.0,16.0,11.0,20.0,18.0,16.0,12.0,1.0,37.0,41.0,5.0,1.0
LINDHOLM,ELIAS,C,16,33.0,15.0,6.0,12.0,16.0,11.0,5.0,1.0,28.0,29.0,2.0,2.0
FEHR,ERIC,C,16,30.0,13.0,6.0,11.0,9.0,11.0,10.0,0.0,19.0,20.0,0.0,10.0
JOSEFSON,JACOB,C,16,19.0,8.0,3.0,8.0,4.0,10.0,5.0,0.0,10.0,11.0,1.0,7.0
DICKINSON,JASON,C,16,0.0,0.0,0.0,0.0,0.0,0.0,0.0,0.0,0.0,0.0,0.0,0.0
KRUGER,MARCUS,C,16,7.0,5.0,0.0,2.0,3.0,2.0,2.0,0.0,6.0,7.0,0.0,0.0
DOMI,MAX,C,16,28.0,17.0,7.0,4.0,9.0,7.0,12.0,0.0,23.0,23.0,4.0,1.0
SPALING,NICK,C,16,31.0,18.0,4.0,9.0,9.0,8.0,14.0,0.0,27.0,27.0,0.0,4.0
GARBUTT,RYAN,C,16,7.0,4.0,3.0,0.0,2.0,2.0,3.0,0.0,4.0,4.0,0.0,3.0
ZADOROV,NIKITA,D,16,6.0,0.0,0.0,6.0,2.0,1.0,3.0,0.0,5.0,5.0,0.0,1.0
LADD,ANDREW,L,16,29.0,16.0,4.0,9.0,10.0,10.0,9.0,0.0,22.0,22.0,2.0,5.0
MACARTHUR,CLARKE,L,16,0.0,0.0,0.0,0.0,0.0,0.0,0.0,0.0,0.0,0.0,0.0,0.0
ZUCKER,JASON,L,16,40.0,18.0,8.0,14.0,15.0,14.0,11.0,0.0,37.0,38.0,1.0,1.0
BROWN,CONNOR,R,16,4.0,1.0,3.0,0.0,3.0,1.0,0.0,0.0,4.0,4.0,0.0,0.0
JOORIS,JOSH,R,16,14.0,5.0,4.0,5.0,6.0,2.0,6.0,0.0,12.0,12.0,0.0,2.0
BERNIER,STEVE,R,16,6.0,3.0,2.0,1.0,3.0,2.0,1.0,0.0,6.0,6.0,0.0,0.0
PURCELL,TEDDY,R,16,22.0,9.0,4.0,9.0,9.0,6.0,6.0,1.0,19.0,20.0,0.0,2.0
KILLORN,ALEX,C,17,31.0,11.0,8.0,12.0,5.0,14.0,11.0,1.0,26.0,28.0,2.0,1.0
RICHARDS,BRAD,C,17,15.0,8.0,4.0,3.0,4.0,7.0,4.0,0.0,13.0,14.0,1.0,0.0
DUBINSKY,BRANDON,C,17,45.0,13.0,10.0,22.0,8.0,12.0,24.0,1.0,34.0,36.0,2.0,7.0
LEGWAND,DAVID,C,17,19.0,5.0,5.0,9.0,5.0,6.0,8.0,0.0,14.0,14.0,0.0,5.0
MACKENZIE,DEREK,C,17,27.0,8.0,10.0,9.0,7.0,11.0,9.0,0.0,15.0,16.0,0.0,11.0
SHORE,DEVIN,C,17,0.0,0.0,0.0,0.0,0.0,0.0,0.0,0.0,0.0,0.0,0.0,0.0
SCHWARTZ,JADEN,C,17,16.0,9.0,5.0,2.0,7.0,2.0,7.0,0.0,14.0,14.0,0.0,2.0
KESLER,RYAN,C,17,39.0,13.0,10.0,16.0,16.0,10.0,12.0,1.0,25.0,28.0,1.0,10.0
MITCHELL,TORREY,C,17,22.0,6.0,8.0,8.0,8.0,5.0,9.0,0.0,20.0,20.0,0.0,2.0
STUART,BRAD,D,17,0.0,0.0,0.0,0.0,0.0,0.0,0.0,0.0,0.0,0.0,0.0,0.0
LOWRY,ADAM,L,17,33.0,14.0,7.0,12.0,11.0,13.0,9.0,0.0,24.0,24.0,0.0,9.0
MCCARTHY,JOHN,L,17,0.0,0.0,0.0,0.0,0.0,0.0,0.0,0.0,0.0,0.0,0.0,0.0
BOUMA,LANCE,L,17,6.0,2.0,0.0,4.0,0.0,4.0,2.0,0.0,3.0,3.0,0.0,3.0
MARTIN,MATT,L,17,8.0,4.0,3.0,1.0,1.0,3.0,4.0,0.0,8.0,8.0,0.0,0.0
LUCIC,MILAN,L,17,22.0,14.0,7.0,1.0,7.0,11.0,4.0,0.0,20.0,20.0,2.0,0.0
RUST,BRYAN,R,17,10.0,3.0,3.0,4.0,4.0,3.0,3.0,0.0,9.0,10.0,0.0,0.0
VRBATA,RADIM,R,17,20.0,6.0,8.0,6.0,5.0,7.0,5.0,3.0,15.0,19.0,1.0,0.0
DOWNIE,STEVE,R,17,4.0,3.0,1.0,0.0,1.0,2.0,1.0,0.0,4.0,4.0,0.0,0.0
SIMMONDS,WAYNE,R,17,25.0,9.0,7.0,9.0,4.0,7.0,12.0,2.0,17.0,21.0,4.0,0.0
O'NEILL,BRIAN,C,18,4.0,2.0,0.0,2.0,1.0,1.0,2.0,0.0,4.0,4.0,0.0,0.0
LITTLE,BRYAN,C,18,20.0,8.0,5.0,7.0,2.0,8.0,10.0,0.0,15.0,16.0,1.0,3.0
STEPHENSON,CHANDLER,C,18,3.0,1.0,2.0,0.0,0.0,0.0,3.0,0.0,3.0,3.0,0.0,0.0
MCCLEMENT,JAY,C,18,32.0,10.0,9.0,13.0,9.0,16.0,7.0,0.0,27.0,27.0,0.0,5.0
ANDERSSON,JOAKIM,C,18,1.0,0.0,1.0,0.0,1.0,0.0,0.0,0.0,0.0,0.0,0.0,1.0
STAJAN,MATT,C,18,34.0,13.0,7.0,14.0,16.0,8.0,9.0,1.0,30.0,31.0,0.0,3.0
CARTER,RYAN,C,18,17.0,4.0,2.0,11.0,6.0,6.0,4.0,1.0,12.0,12.0,0.0,5.0
STROME,RYAN,C,18,35.0,11.0,8.0,16.0,15.0,7.0,12.0,1.0,31.0,33.0,2.0,0.0
MATTHIAS,SHAWN,C,18,13.0,4.0,0.0,9.0,5.0,3.0,5.0,0.0,9.0,9.0,0.0,4.0
STAAL,MARC,D,18,20.0,2.0,1.0,17.0,8.0,6.0,6.0,0.0,17.0,17.0,0.0,3.0
NEAL,JAMES,L,18,49.0,25.0,11.0,13.0,21.0,14.0,12.0,2.0,44.0,47.0,2.0,0.0
MICHALEK,MILAN,L,18,8.0,6.0,1.0,1.0,3.0,3.0,2.0,0.0,8.0,8.0,0.0,0.0
PALAT,ONDREJ,L,18,32.0,13.0,8.0,11.0,9.0,10.0,13.0,0.0,25.0,27.0,2.0,3.0
VIRTANEN,JAKE,R,18,22.0,13.0,5.0,4.0,12.0,7.0,2.0,1.0,20.0,21.0,1.0,0.0
BROWN,MIKE,R,18,7.0,3.0,0.0,4.0,2.0,2.0,3.0,0.0,7.0,7.0,0.0,0.0
EAVES,PATRICK,R,18,16.0,3.0,7.0,6.0,5.0,5.0,6.0,0.0,16.0,16.0,0.0,0.0
SMITH,REILLY,R,18,51.0,15.0,22.0,14.0,17.0,20.0,14.0,0.0,37.0,37.0,1.0,13.0
BOURQUE,RENE,R,18,16.0,9.0,2.0,5.0,6.0,3.0,7.0,0.0,16.0,16.0,0.0,0.0
JACKMAN,TIM,R,18,0.0,0.0,0.0,0.0,0.0,0.0,0.0,0.0,0.0,0.0,0.0,0.0
RATTIE,TY,R,18,2.0,0.0,1.0,1.0,0.0,1.0,1.0,0.0,2.0,2.0,0.0,0.0
O'REILLY,CAL,C,19,2.0,1.0,0.0,1.0,0.0,2.0,0.0,0.0,2.0,2.0,0.0,0.0
JARNKROK,CALLE,C,19,32.0,13.0,5.0,14.0,17.0,7.0,8.0,0.0,24.0,26.0,0.0,6.0
STOLL,JARRET,C,19,2.0,0.0,1.0,1.0,0.0,1.0,1.0,0.0,0.0,0.0,0.0,2.0
THORNTON,JOE,C,19,69.0,40.0,8.0,21.0,17.0,22.0,30.0,0.0,65.0,68.0,1.0,0.0
TOEWS,JONATHAN,C,19,57.0,25.0,16.0,16.0,24.0,17.0,14.0,2.0,39.0,44.0,2.0,11.0
WEAL,JORDAN,C,19,5.0,1.0,1.0,3.0,0.0,4.0,1.0,0.0,5.0,5.0,0.0,0.0
PETAN,NIC,C,19,10.0,7.0,0.0,3.0,4.0,4.0,2.0,0.0,10.0,10.0,0.0,0.0
BACKSTROM,NICKLAS,C,19,42.0,18.0,12.0,12.0,16.0,11.0,15.0,0.0,35.0,39.0,2.0,1.0
PETAN,NICOLAS,C,19,1.0,0.0,0.0,1.0,0.0,0.0,1.0,0.0,1.0,1.0,0.0,0.0
JOHANSEN,RYAN,C,19,20.0,10.0,4.0,6.0,6.0,4.0,9.0,1.0,18.0,20.0,0.0,0.0
ZAJAC,TRAVIS,C,19,49.0,20.0,10.0,19.0,11.0,21.0,16.0,1.0,31.0,35.0,5.0,9.0
BOUWMEESTER,JAY,D,19,11.0,1.0,0.0,10.0,4.0,4.0,3.0,0.0,7.0,7.0,0.0,4.0
SCHULTZ,JUSTIN,D,19,16.0,2.0,1.0,13.0,1.0,7.0,7.0,1.0,12.0,13.0,2.0,1.0
MAROON,PATRICK,L,19,10.0,4.0,2.0,4.0,4.0,3.0,3.0,0.0,10.0,10.0,0.0,0.0
BENNETT,BEAU,R,19,5.0,2.0,1.0,2.0,1.0,0.0,4.0,0.0,5.0,5.0,0.0,0.0
JONES,DAVID,R,19,10.0,3.0,3.0,4.0,3.0,3.0,4.0,0.0,10.0,10.0,0.0,0.0
FAST,JESPER,R,19,35.0,15.0,9.0,11.0,11.0,14.0,10.0,0.0,27.0,27.0,1.0,7.0
LUPUL,JOFFREY,R,19,12.0,7.0,1.0,4.0,4.0,4.0,4.0,0.0,12.0,12.0,0.0,0.0
DOAN,SHANE,R,19,33.0,17.0,7.0,9.0,13.0,12.0,8.0,0.0,23.0,24.0,3.0,6.0
CLENDENING,ADAM,D,2,3.0,0.0,0.0,3.0,2.0,0.0,1.0,0.0,3.0,3.0,0.0,0.0
PARDY,ADAM,D,2,2.0,1.0,1.0,0.0,0.0,2.0,0.0,0.0,2.0,2.0,0.0,0.0
SEKERA,ANDREJ,D,2,37.0,4.0,3.0,30.0,8.0,12.0,16.0,1.0,25.0,29.0,3.0,5.0
BODNARCHUK,ANDREW,D,2,1.0,0.0,1.0,0.0,1.0,0.0,0.0,0.0,1.0,1.0,0.0,0.0
BITETTO,ANTHONY,D,2,2.0,0.0,0.0,2.0,0.0,1.0,1.0,0.0,2.0,2.0,0.0,0.0
SMITH,BRENDAN,D,2,10.0,1.0,3.0,6.0,4.0,3.0,3.0,0.0,9.0,10.0,0.0,0.0
HAMHUIS,DAN,D,2,24.0,2.0,5.0,17.0,8.0,6.0,10.0,0.0,20.0,21.0,0.0,3.0
PHANEUF,DION,D,2,2.0,1.0,0.0,1.0,0.0,0.0,2.0,0.0,2.0,2.0,0.0,0.0
KEITH,DUNCAN,D,2,22.0,5.0,3.0,14.0,10.0,5.0,6.0,1.0,17.0,19.0,2.0,1.0
COWEN,JARED,D,2,7.0,0.0,1.0,6.0,3.0,1.0,3.0,0.0,7.0,7.0,0.0,0.0
MOORE,JOHN,D,2,23.0,2.0,3.0,18.0,9.0,5.0,9.0,0.0,15.0,16.0,3.0,4.0
JOKIPAKKA,JYRKI,D,2,7.0,1.0,0.0,6.0,2.0,3.0,2.0,0.0,7.0,7.0,0.0,0.0
BIEKSA,KEVIN,D,2,13.0,4.0,1.0,8.0,6.0,3.0,4.0,0.0,12.0,12.0,1.0,0.0
RUSSELL,KRIS,D,2,4.0,2.0,0.0,2.0,3.0,1.0,0.0,0.0,4.0,4.0,0.0,0.0
GREENE,MATT,D,2,0.0,0.0,0.0,0.0,0.0,0.0,0.0,0.0,0.0,0.0,0.0,0.0
HUNWICK,MATT,D,2,24.0,3.0,3.0,18.0,8.0,6.0,8.0,2.0,18.0,20.0,0.0,4.0
NISKANEN,MATT,D,2,34.0,13.0,2.0,19.0,15.0,10.0,9.0,0.0,23.0,23.0,9.0,2.0
HOLDEN,NICK,D,2,21.0,2.0,0.0,19.0,11.0,6.0,4.0,0.0,17.0,17.0,0.0,4.0
LEDDY,NICK,D,2,40.0,7.0,3.0,30.0,13.0,17.0,10.0,0.0,34.0,35.0,3.0,2.0
GROSSMANN,NICKLAS,D,2,3.0,0.0,1.0,2.0,1.0,1.0,1.0,0.0,2.0,2.0,0.0,1.0
KREIDER,CHRIS,C,20,23.0,11.0,5.0,7.0,10.0,4.0,9.0,0.0,22.0,23.0,0.0,0.0
EAKIN,CODY,C,20,42.0,13.0,11.0,18.0,8.0,12.0,21.0,1.0,34.0,36.0,1.0,5.0
UMBERGER,R.J.,C,20,4.0,2.0,2.0,0.0,1.0,1.0,2.0,0.0,4.0,4.0,0.0,0.0
NASH,RILEY,C,20,47.0,16.0,9.0,22.0,23.0,12.0,12.0,0.0,41.0,41.0,2.0,4.0
CORRADO,FRANK,D,20,2.0,1.0,0.0,1.0,1.0,1.0,0.0,0.0,2.0,2.0,0.0,0.0
TAORMINA,MATT,D,20,0.0,0.0,0.0,0.0,0.0,0.0,0.0,0.0,0.0,0.0,0.0,0.0
STANTON,RYAN,D,20,0.0,0.0,0.0,0.0,0.0,0.0,0.0,0.0,0.0,0.0,0.0,0.0
SUTER,RYAN,D,20,36.0,4.0,7.0,25.0,14.0,11.0,11.0,0.0,27.0,29.0,2.0,5.0
BARTLEY,VICTOR,D,20,0.0,0.0,0.0,0.0,0.0,0.0,0.0,0.0,0.0,0.0,0.0,0.0
BERRA,RETO,G,20,0.0,0.0,0.0,0.0,0.0,0.0,0.0,0.0,0.0,0.0,0.0,0.0
STEEN,ALEXANDER,L,20,36.0,13.0,6.0,17.0,11.0,10.0,13.0,2.0,28.0,32.0,2.0,2.0
SAAD,BRANDON,L,20,33.0,14.0,6.0,13.0,8.0,10.0,11.0,4.0,23.0,28.0,2.0,3.0
HIGGINS,CHRIS,L,20,7.0,4.0,2.0,1.0,1.0,5.0,1.0,0.0,5.0,5.0,0.0,2.0
THOMAS,CHRISTIAN,L,20,1.0,1.0,0.0,0.0,0.0,1.0,0.0,0.0,1.0,1.0,0.0,0.0
MILLER,DREW,L,20,8.0,3.0,4.0,1.0,2.0,3.0,3.0,0.0,7.0,7.0,0.0,1.0
GAZDIC,LUKE,L,20,2.0,1.0,1.0,0.0,1.0,0.0,1.0,0.0,2.0,2.0,0.0,0.0
STEMPNIAK,LEE,R,20,31.0,13.0,7.0,11.0,9.0,11.0,9.0,2.0,24.0,28.0,1.0,2.0
SALOMAKI,MIIKKA,R,20,17.0,3.0,5.0,9.0,8.0,5.0,4.0,0.0,14.0,14.0,0.0,3.0
SUTTER,BRANDON,C,21,4.0,1.0,1.0,2.0,2.0,0.0,1.0,1.0,2.0,3.0,0.0,1.0
LAICH,BROOKS,C,21,12.0,7.0,3.0,2.0,6.0,2.0,4.0,0.0,10.0,10.0,0.0,2.0
STEPAN,DEREK,C,21,62.0,23.0,16.0,23.0,18.0,19.0,23.0,2.0,44.0,47.0,4.0,11.0
PALMIERI,KYLE,C,21,43.0,16.0,14.0,13.0,11.0,15.0,16.0,1.0,37.0,40.0,3.0,0.0
SHORE,NICK,C,21,13.0,5.0,4.0,4.0,5.0,3.0,5.0,0.0,10.0,10.0,1.0,2.0
BERGLUND,PATRIK,C,21,22.0,17.0,3.0,2.0,6.0,11.0,5.0,0.0,20.0,21.0,0.0,1.0
MATTEAU,STEFAN,C,21,0.0,0.0,0.0,0.0,0.0,0.0,0.0,0.0,0.0,0.0,0.0,0.0
TATAR,TOMAS,C,21,30.0,16.0,3.0,11.0,9.0,8.0,12.0,1.0,27.0,30.0,0.0,0.0
TROCHECK,VINCENT,C,21,43.0,16.0,13.0,14.0,12.0,17.0,13.0,1.0,38.0,40.0,1.0,2.0
FERENCE,ANDREW,D,21,0.0,0.0,0.0,0.0,0.0,0.0,0.0,0.0,0.0,0.0,0.0,0.0
POTTER,COREY,D,21,0.0,0.0,0.0,0.0,0.0,0.0,0.0,0.0,0.0,0.0,0.0,0.0
WISNIEWSKI,JAMES,D,21,0.0,0.0,0.0,0.0,0.0,0.0,0.0,0.0,0.0,0.0,0.0,0.0
KOSTKA,MICHAEL,D,21,0.0,0.0,0.0,0.0,0.0,0.0,0.0,0.0,0.0,0.0,0.0,0.0
ROUSSEL,ANTOINE,L,21,30.0,15.0,7.0,8.0,9.0,10.0,11.0,0.0,25.0,25.0,0.0,5.0
VAN RIEMSDYK,JAMES,L,21,29.0,11.0,9.0,9.0,9.0,13.0,7.0,0.0,28.0,28.0,1.0,0.0
RYCHEL,KERBY,L,21,9.0,6.0,1.0,2.0,2.0,5.0,2.0,0.0,9.0,9.0,0.0,0.0
ERIKSSON,LOUI,L,21,48.0,14.0,14.0,20.0,9.0,21.0,17.0,1.0,37.0,43.0,0.0,5.0
RAYMOND,MASON,L,21,8.0,4.0,2.0,2.0,3.0,4.0,1.0,0.0,8.0,8.0,0.0,0.0
LAUGHTON,SCOTT,L,21,23.0,12.0,6.0,5.0,7.0,9.0,7.0,0.0,22.0,22.0,0.0,1.0
SMITH,BEN,R,21,1.0,0.0,0.0,1.0,1.0,0.0,0.0,0.0,1.0,1.0,0.0,0.0
SMITH-PELLY,DEVANTE,R,21,6.0,3.0,1.0,2.0,2.0,1.0,3.0,0.0,6.0,6.0,0.0,0.0
OKPOSO,KYLE,R,21,42.0,17.0,8.0,17.0,15.0,17.0,10.0,0.0,36.0,38.0,4.0,0.0
SCEVIOUR,COLTON,C,22,30.0,15.0,9.0,6.0,9.0,9.0,12.0,0.0,25.0,25.0,0.0,5.0
SHORE,DREW,C,22,1.0,0.0,1.0,0.0,0.0,0.0,1.0,0.0,1.0,1.0,0.0,0.0
KRUGER,MARCUS,C,22,3.0,1.0,1.0,1.0,0.0,2.0,1.0,0.0,3.0,3.0,0.0,0.0
VARONE,PHIL,C,22,1.0,0.0,0.0,1.0,0.0,1.0,0.0,0.0,1.0,1.0,0.0,0.0
HORCOFF,SHAWN,C,22,12.0,3.0,1.0,8.0,5.0,3.0,4.0,0.0,8.0,10.0,0.0,2.0
LEWIS,TREVOR,C,22,17.0,9.0,2.0,6.0,4.0,9.0,4.0,0.0,13.0,13.0,0.0,4.0
BOYLE,DAN,D,22,19.0,5.0,2.0,12.0,10.0,4.0,4.0,1.0,17.0,18.0,1.0,0.0
SHATTENKIRK,KEVIN,D,22,37.0,1.0,11.0,25.0,7.0,14.0,15.0,1.0,29.0,31.0,0.0,6.0
SCHENN,LUKE,D,22,3.0,0.0,0.0,3.0,1.0,2.0,0.0,0.0,3.0,3.0,0.0,0.0
REDMOND,ZACH,D,22,6.0,0.0,0.0,6.0,2.0,1.0,3.0,0.0,5.0,5.0,0.0,1.0
CUNNINGHAM,CRAIG,L,22,2.0,0.0,1.0,1.0,1.0,0.0,1.0,0.0,2.0,2.0,0.0,0.0
SEDIN,DANIEL,L,22,24.0,11.0,7.0,6.0,10.0,9.0,5.0,0.0,21.0,21.0,1.0,2.0
LARSSON,JOHAN,L,22,21.0,13.0,6.0,2.0,5.0,9.0,5.0,2.0,19.0,21.0,0.0,0.0
SCOTT,JOHN,L,22,0.0,0.0,0.0,0.0,0.0,0.0,0.0,0.0,0.0,0.0,0.0,0.0
MOUILLIERAT,KAEL,L,22,1.0,1.0,0.0,0.0,0.0,1.0,0.0,0.0,1.0,1.0,0.0,0.0
THORNTON,SHAWN,L,22,9.0,2.0,0.0,7.0,4.0,2.0,3.0,0.0,9.0,9.0,0.0,0.0
MILANO,SONNY,L,22,1.0,0.0,1.0,0.0,0.0,0.0,1.0,0.0,1.0,1.0,0.0,0.0
CRACKNELL,ADAM,R,22,3.0,1.0,1.0,1.0,0.0,1.0,2.0,0.0,3.0,3.0,0.0,0.0
THORBURN,CHRIS,R,22,11.0,8.0,1.0,2.0,5.0,3.0,3.0,0.0,9.0,9.0,0.0,2.0
WEISE,DALE,R,22,17.0,11.0,3.0,3.0,4.0,5.0,8.0,0.0,17.0,17.0,0.0,0.0
CONDRA,ERIK,R,22,15.0,5.0,4.0,6.0,5.0,4.0,6.0,0.0,10.0,10.0,0.0,5.0
TOOTOO,JORDIN,R,22,17.0,8.0,5.0,4.0,8.0,6.0,3.0,0.0,17.0,17.0,0.0,0.0
NIEDERREITER,NINO,R,22,35.0,18.0,10.0,7.0,13.0,8.0,13.0,1.0,31.0,33.0,2.0,0.0
LAICH,BROOKS,C,23,17.0,11.0,3.0,3.0,10.0,3.0,4.0,0.0,15.0,15.0,0.0,2.0
KELLY,CHRIS,C,23,2.0,0.0,1.0,1.0,1.0,0.0,1.0,0.0,1.0,1.0,0.0,1.0
MEGNA,JAYSON,C,23,1.0,0.0,0.0,1.0,0.0,1.0,0.0,0.0,1.0,1.0,0.0,0.0
HENDRICKS,MATT,C,23,14.0,3.0,2.0,9.0,3.0,8.0,3.0,0.0,9.0,9.0,0.0,5.0
GRIMALDI,ROCCO,C,23,10.0,4.0,3.0,3.0,6.0,2.0,2.0,0.0,10.0,10.0,0.0,0.0
REINHART,SAM,C,23,19.0,10.0,3.0,6.0,4.0,5.0,9.0,1.0,18.0,19.0,0.0,0.0
GOMEZ,SCOTT,C,23,2.0,1.0,0.0,1.0,0.0,1.0,1.0,0.0,2.0,2.0,0.0,0.0
WILSON,SCOTT,C,23,5.0,2.0,2.0,1.0,2.0,2.0,1.0,0.0,5.0,5.0,0.0,0.0
MONAHAN,SEAN,C,23,55.0,14.0,20.0,21.0,18.0,20.0,16.0,1.0,52.0,54.0,0.0,1.0
MATTHIAS,SHAWN,C,23,21.0,7.0,5.0,9.0,7.0,8.0,6.0,0.0,15.0,17.0,1.0,3.0
SILL,ZACH,C,23,4.0,3.0,0.0,1.0,1.0,0.0,3.0,0.0,4.0,4.0,0.0,0.0
EDLER,ALEXANDER,D,23,15.0,1.0,2.0,12.0,4.0,5.0,6.0,0.0,13.0,13.0,1.0,1.0
MANNING,BRANDON,D,23,7.0,1.0,1.0,5.0,0.0,3.0,4.0,0.0,7.0,7.0,0.0,0.0
LINDELL,ESA,D,23,0.0,0.0,0.0,0.0,0.0,0.0,0.0,0.0,0.0,0.0,0.0,0.0
OLOFSSON,GUSTAV,D,23,0.0,0.0,0.0,0.0,0.0,0.0,0.0,0.0,0.0,0.0,0.0,0.0
EKMAN-LARSSON,OLIVER,D,23,40.0,4.0,5.0,31.0,10.0,17.0,13.0,0.0,35.0,36.0,2.0,2.0
MCGINN,BROCK,L,23,4.0,3.0,1.0,0.0,0.0,3.0,1.0,0.0,4.0,4.0,0.0,0.0
BROWN,DUSTIN,L,23,40.0,20.0,8.0,12.0,11.0,18.0,10.0,1.0,33.0,34.0,0.0,6.0
FARNHAM,BOBBY,R,23,11.0,4.0,3.0,4.0,3.0,3.0,5.0,0.0,11.0,11.0,0.0,0.0
CLARKSON,DAVID,R,23,5.0,4.0,0.0,1.0,3.0,2.0,0.0,0.0,5.0,5.0,0.0,0.0
JASKIN,DMITRIJ,R,23,21.0,7.0,8.0,6.0,5.0,7.0,9.0,0.0,21.0,21.0,0.0,0.0
BROWN,J.T.,R,23,21.0,9.0,5.0,7.0,5.0,7.0,9.0,0.0,18.0,19.0,1.0,1.0
MALONE,BRAD,C,24,4.0,1.0,2.0,1.0,0.0,2.0,2.0,0.0,2.0,2.0,0.0,2.0
CHIPCHURA,KYLE,C,24,25.0,8.0,8.0,9.0,8.0,8.0,9.0,0.0,22.0,23.0,0.0,2.0
LINDBERG,OSCAR,C,24,16.0,5.0,5.0,6.0,4.0,9.0,3.0,0.0,13.0,13.0,2.0,1.0
HOLLAND,PETER,C,24,34.0,11.0,10.0,13.0,14.0,11.0,8.0,1.0,23.0,26.0,6.0,2.0
HUNT,BRAD,D,24,2.0,0.0,0.0,2.0,1.0,0.0,1.0,0.0,2.0,2.0,0.0,0.0
TINORDI,JARRED,D,24,0.0,0.0,0.0,0.0,0.0,0.0,0.0,0.0,0.0,0.0,0.0,0.0
BENN,JORDIE,D,24,12.0,0.0,2.0,10.0,5.0,5.0,2.0,0.0,10.0,10.0,1.0,1.0
DUMBA,MATT,D,24,13.0,1.0,1.0,11.0,4.0,6.0,3.0,0.0,13.0,13.0,0.0,0.0
DESPRES,SIMON,D,24,11.0,1.0,2.0,8.0,3.0,4.0,4.0,0.0,9.0,10.0,0.0,1.0
NYSTROM,ERIC,L,24,6.0,1.0,2.0,3.0,2.0,2.0,2.0,0.0,5.0,5.0,0.0,1.0
DANAULT,PHILLIP,L,24,18.0,5.0,3.0,10.0,10.0,4.0,4.0,0.0,16.0,16.0,0.0,2.0
CRACKNELL,ADAM,R,24,20.0,7.0,4.0,9.0,10.0,1.0,9.0,0.0,20.0,20.0,0.0,0.0
FARNHAM,BOBBY,R,24,0.0,0.0,0.0,0.0,0.0,0.0,0.0,0.0,0.0,0.0,0.0,0.0
HUDLER,JIRI,R,24,23.0,16.0,7.0,0.0,10.0,5.0,7.0,1.0,19.0,21.0,2.0,0.0
READ,MATT,R,24,34.0,12.0,12.0,10.0,11.0,12.0,9.0,2.0,23.0,26.0,0.0,8.0
CALLAHAN,RYAN,R,24,34.0,16.0,10.0,8.0,9.0,13.0,12.0,0.0,26.0,26.0,0.0,8.0
HAMILTON,FREDDIE,C,25,1.0,1.0,0.0,0.0,0.0,0.0,1.0,0.0,1.0,1.0,0.0,0.0
TALBOT,MAX,C,25,9.0,2.0,2.0,5.0,2.0,4.0,3.0,0.0,8.0,8.0,0.0,1.0
SANTORELLI,MIKE,C,25,5.0,0.0,2.0,3.0,3.0,1.0,1.0,0.0,5.0,5.0,0.0,0.0
GRIGORENKO,MIKHAIL,C,25,21.0,10.0,3.0,8.0,9.0,7.0,5.0,0.0,18.0,18.0,1.0,2.0
WHITE,RYAN,C,25,14.0,8.0,3.0,3.0,4.0,4.0,6.0,0.0,14.0,14.0,0.0,0.0
MATTEAU,STEFAN,C,25,2.0,2.0,0.0,0.0,1.0,1.0,0.0,0.0,2.0,2.0,0.0,0.0
KARLSSON,WILLIAM,C,25,42.0,12.0,10.0,20.0,12.0,16.0,14.0,0.0,32.0,32.0,0.0,10.0
COLAIACOVO,CARLO,D,25,3.0,0.0,0.0,3.0,2.0,0.0,1.0,0.0,3.0,3.0,0.0,0.0
BUTLER,CHRIS,D,25,0.0,0.0,0.0,0.0,0.0,0.0,0.0,0.0,0.0,0.0,0.0,0.0
NURSE,DARNELL,D,25,13.0,1.0,0.0,12.0,5.0,6.0,2.0,0.0,10.0,11.0,0.0,2.0
BRODIN,JONAS,D,25,27.0,1.0,3.0,23.0,9.0,5.0,13.0,0.0,19.0,19.0,1.0,7.0
CARLE,MATTHEW,D,25,9.0,1.0,3.0,5.0,1.0,6.0,2.0,0.0,8.0,8.0,0.0,1.0
GREEN,MIKE,D,25,18.0,8.0,1.0,9.0,5.0,5.0,7.0,1.0,14.0,15.0,2.0,1.0
SAMUELSSON,PHILIP,D,25,1.0,0.0,0.0,1.0,1.0,0.0,0.0,0.0,1.0,1.0,0.0,0.0
MARKSTROM,JACOB,G,25,0.0,0.0,0.0,0.0,0.0,0.0,0.0,0.0,0.0,0.0,0.0,0.0
TERRY,CHRIS,L,25,21.0,8.0,8.0,5.0,11.0,5.0,5.0,0.0,21.0,21.0,0.0,0.0
DE LA ROSE,JACOB,L,25,6.0,1.0,1.0,4.0,2.0,3.0,1.0,0.0,6.0,6.0,0.0,0.0
CHIMERA,JASON,L,25,15.0,14.0,0.0,1.0,6.0,6.0,3.0,0.0,12.0,13.0,0.0,2.0
CLUNE,RICH,L,25,2.0,1.0,1.0,0.0,1.0,1.0,0.0,0.0,2.0,2.0,0.0,0.0
STALBERG,VIKTOR,L,25,29.0,7.0,9.0,13.0,12.0,11.0,6.0,0.0,20.0,20.0,0.0,9.0
RITCHIE,BRETT,R,25,2.0,2.0,0.0,0.0,1.0,1.0,0.0,0.0,2.0,2.0,0.0,0.0
NEIL,CHRIS,R,25,11.0,5.0,4.0,2.0,6.0,3.0,2.0,0.0,11.0,11.0,0.0,0.0
WEISE,DALE,R,25,1.0,0.0,0.0,1.0,0.0,0.0,1.0,0.0,0.0,0.0,0.0,1.0
SMITH-PELLY,DEVANTE,R,25,1.0,0.0,1.0,0.0,0.0,1.0,0.0,0.0,1.0,1.0,0.0,0.0
WINNIK,DANIEL,C,26,35.0,18.0,4.0,13.0,12.0,12.0,11.0,0.0,29.0,30.0,0.0,5.0
STOLL,JARRET,C,26,6.0,1.0,1.0,4.0,1.0,2.0,3.0,0.0,3.0,4.0,0.0,2.0
STASTNY,PAUL,C,26,20.0,8.0,6.0,6.0,6.0,5.0,8.0,1.0,18.0,19.0,0.0,1.0
PETRY,JEFF,D,26,16.0,2.0,1.0,13.0,6.0,5.0,4.0,1.0,11.0,11.0,1.0,4.0
LILES,JOHN-MICHAEL,D,26,26.0,8.0,5.0,13.0,11.0,9.0,5.0,1.0,14.0,17.0,5.0,4.0
STONE,MICHAEL,D,26,15.0,2.0,6.0,7.0,5.0,3.0,6.0,1.0,13.0,15.0,0.0,0.0
WOTHERSPOON,TYLER,D,26,1.0,0.0,1.0,0.0,0.0,1.0,0.0,0.0,1.0,1.0,0.0,0.0
HAGELIN,CARL,L,26,15.0,6.0,2.0,7.0,9.0,4.0,2.0,0.0,13.0,13.0,0.0,2.0
MOULSON,MATT,L,26,18.0,8.0,6.0,4.0,12.0,3.0,3.0,0.0,18.0,18.0,0.0,0.0
PUEMPEL,MATT,L,26,6.0,2.0,3.0,1.0,2.0,2.0,2.0,0.0,6.0,6.0,0.0,0.0
ELIAS,PATRIK,L,26,5.0,4.0,0.0,1.0,1.0,1.0,3.0,0.0,4.0,4.0,0.0,1.0
VANEK,THOMAS,L,26,22.0,11.0,3.0,8.0,6.0,12.0,4.0,0.0,19.0,20.0,2.0,0.0
SMITH,BEN,R,26,7.0,4.0,2.0,1.0,5.0,2.0,0.0,0.0,6.0,6.0,0.0,1.0
WHEELER,BLAKE,R,26,38.0,19.0,11.0,8.0,17.0,13.0,8.0,0.0,31.0,31.0,3.0,4.0
ETEM,EMERSON,R,26,7.0,4.0,0.0,3.0,4.0,2.0,1.0,0.0,7.0,7.0,0.0,0.0
PAKARINEN,IIRO,R,26,10.0,5.0,2.0,3.0,6.0,0.0,4.0,0.0,8.0,9.0,0.0,1.0
PURCELL,TEDDY,R,26,9.0,5.0,1.0,3.0,3.0,2.0,4.0,0.0,7.0,7.0,2.0,0.0
JURCO,TOMAS,R,26,6.0,2.0,4.0,0.0,0.0,2.0,4.0,0.0,6.0,6.0,0.0,0.0
GALCHENYUK,ALEX,C,27,31.0,22.0,2.0,7.0,10.0,14.0,6.0,1.0,28.0,29.0,2.0,0.0
LEE,ANDERS,C,27,32.0,21.0,3.0,8.0,15.0,7.0,10.0,0.0,31.0,31.0,0.0,1.0
LAZAR,CURTIS,C,27,24.0,5.0,11.0,8.0,10.0,7.0,7.0,0.0,18.0,19.0,1.0,4.0
BJUGSTAD,NICK,C,27,25.0,10.0,8.0,7.0,9.0,8.0,5.0,3.0,18.0,23.0,1.0,1.0
DALPE,ZAC,C,27,0.0,0.0,0.0,0.0,0.0,0.0,0.0,0.0,0.0,0.0,0.0,0.0
CLENDENING,ADAM,D,27,2.0,0.0,0.0,2.0,1.0,1.0,0.0,0.0,2.0,2.0,0.0,0.0
MARTINEZ,ALEC,D,27,8.0,2.0,0.0,6.0,4.0,2.0,2.0,0.0,4.0,4.0,1.0,3.0
PIETRANGELO,ALEX,D,27,41.0,9.0,6.0,26.0,10.0,16.0,14.0,1.0,30.0,31.0,4.0,6.0
HUTTON,BEN,D,27,30.0,0.0,6.0,24.0,9.0,11.0,10.0,0.0,25.0,25.0,0.0,5.0
HAMILTON,DOUGIE,D,27,15.0,2.0,0.0,13.0,2.0,4.0,9.0,0.0,14.0,15.0,0.0,0.0
FAULK,JUSTIN,D,27,45.0,13.0,13.0,19.0,12.0,19.0,14.0,0.0,35.0,39.0,3.0,3.0
ALZNER,KARL,D,27,24.0,6.0,7.0,11.0,10.0,6.0,8.0,0.0,22.0,22.0,0.0,2.0
QUINCEY,KYLE,D,27,8.0,0.0,2.0,6.0,4.0,2.0,2.0,0.0,1.0,2.0,0.0,6.0
MCDONAGH,RYAN,D,27,31.0,7.0,5.0,19.0,9.0,11.0,11.0,0.0,26.0,26.0,1.0,4.0
MURRAY,RYAN,D,27,17.0,4.0,2.0,11.0,9.0,5.0,3.0,0.0,12.0,12.0,5.0,0.0
MARTINSEN,ANDREAS,L,27,11.0,5.0,1.0,5.0,5.0,5.0,1.0,0.0,11.0,11.0,0.0,0.0
DROUIN,JONATHAN,L,27,8.0,1.0,2.0,5.0,1.0,2.0,4.0,1.0,6.0,8.0,0.0,0.0
EHLERS,NIKOLAJ,L,27,20.0,11.0,5.0,4.0,6.0,7.0,7.0,0.0,20.0,20.0,0.0,0.0
MOEN,TRAVIS,L,27,4.0,0.0,0.0,4.0,2.0,2.0,0.0,0.0,3.0,3.0,0.0,1.0
DONSKOI,JOONAS,R,27,33.0,13.0,14.0,6.0,14.0,10.0,5.0,4.0,29.0,33.0,0.0,0.0
MOORE,DOMINIC,C,28,24.0,7.0,7.0,10.0,8.0,8.0,8.0,0.0,16.0,17.0,0.0,7.0
BRODZIAK,KYLE,C,28,18.0,9.0,4.0,5.0,5.0,7.0,6.0,0.0,14.0,14.0,0.0,4.0
CORMIER,PATRICE,C,28,0.0,0.0,0.0,0.0,0.0,0.0,0.0,0.0,0.0,0.0,0.0,0.0
CAREY,PAUL,C,28,0.0,0.0,0.0,0.0,0.0,0.0,0.0,0.0,0.0,0.0,0.0,0.0
GAUSTAD,PAUL,C,28,14.0,2.0,5.0,7.0,6.0,4.0,4.0,0.0,9.0,9.0,0.0,5.0
GARBUTT,RYAN,C,28,5.0,3.0,1.0,1.0,1.0,0.0,4.0,0.0,5.0,5.0,0.0,0.0
GIRGENSONS,ZEMGUS,C,28,16.0,4.0,6.0,6.0,2.0,10.0,4.0,0.0,13.0,13.0,0.0,3.0
SEVERSON,DAMON,D,28,16.0,1.0,1.0,14.0,3.0,7.0,3.0,3.0,10.0,14.0,2.0,0.0
COLE,IAN,D,28,8.0,0.0,1.0,7.0,5.0,1.0,2.0,0.0,8.0,8.0,0.0,0.0
TINORDI,JARRED,D,28,1.0,1.0,0.0,0.0,0.0,0.0,1.0,0.0,1.0,1.0,0.0,0.0
ZIDLICKY,MAREK,D,28,5.0,2.0,0.0,3.0,2.0,1.0,2.0,0.0,5.0,5.0,0.0,0.0
BEAULIEU,NATHAN,D,28,17.0,2.0,5.0,10.0,6.0,7.0,4.0,0.0,13.0,15.0,0.0,2.0
JOHNS,STEPHEN,D,28,6.0,0.0,0.0,6.0,4.0,2.0,0.0,0.0,5.0,6.0,0.0,0.0
STRACHAN,TYSON,D,28,0.0,0.0,0.0,0.0,0.0,0.0,0.0,0.0,0.0,0.0,0.0,0.0
AGOZZINO,ANDREW,L,28,0.0,0.0,0.0,0.0,0.0,0.0,0.0,0.0,0.0,0.0,0.0,0.0
WILSON,GARRETT,L,28,2.0,2.0,0.0,0.0,1.0,1.0,0.0,0.0,2.0,2.0,0.0,0.0
SCOTT,JOHN,L,28,1.0,0.0,0.0,1.0,1.0,0.0,0.0,0.0,1.0,1.0,0.0,0.0
KORPIKOSKI,LAURI,L,28,19.0,8.0,2.0,9.0,6.0,3.0,10.0,0.0,11.0,11.0,1.0,7.0
BOYES,BRAD,R,28,25.0,16.0,4.0,5.0,6.0,7.0,12.0,0.0,21.0,22.0,3.0,0.0
GIROUX,CLAUDE,R,28,41.0,17.0,10.0,14.0,16.0,10.0,14.0,1.0,29.0,34.0,1.0,6.0
POIRIER,EMILE,R,28,1.0,0.0,0.0,1.0,1.0,0.0,0.0,0.0,1.0,1.0,0.0,0.0
BJORKSTRAND,OLIVER,R,28,6.0,3.0,2.0,1.0,0.0,5.0,1.0,0.0,6.0,6.0,0.0,0.0
NELSON,BROCK,C,29,48.0,18.0,10.0,20.0,22.0,10.0,16.0,0.0,40.0,42.0,2.0,4.0
FERRARO,LANDON,C,29,16.0,6.0,2.0,8.0,7.0,8.0,1.0,0.0,14.0,14.0,0.0,2.0
DRAISAITL,LEON,C,29,40.0,11.0,8.0,21.0,16.0,10.0,12.0,2.0,37.0,39.0,1.0,0.0
MACKINNON,NATHAN,C,29,28.0,8.0,6.0,14.0,10.0,9.0,9.0,0.0,25.0,27.0,1.0,0.0
PEDAN,ANDREY,D,29,0.0,0.0,0.0,0.0,0.0,0.0,0.0,0.0,0.0,0.0,0.0,0.0
GOLOUBEF,CODY,D,29,3.0,1.0,0.0,2.0,2.0,0.0,1.0,0.0,2.0,2.0,0.0,1.0
ENGELLAND,DERYK,D,29,8.0,0.0,0.0,8.0,4.0,3.0,1.0,0.0,8.0,8.0,0.0,0.0
MCCABE,JAKE,D,29,17.0,2.0,2.0,13.0,5.0,8.0,3.0,1.0,14.0,16.0,0.0,1.0
VALIEV,RINAT,D,29,1.0,1.0,0.0,0.0,0.0,0.0,1.0,0.0,1.0,1.0,0.0,0.0
KOEKKOEK,SLATER,D,29,3.0,0.0,1.0,2.0,2.0,0.0,1.0,0.0,3.0,3.0,0.0,0.0
BRENNAN,TJ,D,29,2.0,1.0,1.0,0.0,2.0,0.0,0.0,0.0,2.0,2.0,0.0,0.0
LINDBACK,ANDERS,G,29,0.0,0.0,0.0,0.0,0.0,0.0,0.0,0.0,0.0,0.0,0.0,0.0
FLEURY,MARC-ANDRE,G,29,0.0,0.0,0.0,0.0,0.0,0.0,0.0,0.0,0.0,0.0,0.0,0.0
O'CONNOR,MATTHEW,G,29,0.0,0.0,0.0,0.0,0.0,0.0,0.0,0.0,0.0,0.0,0.0,0.0
EMERY,RAY,G,29,0.0,0.0,0.0,0.0,0.0,0.0,0.0,0.0,0.0,0.0,0.0,0.0
BICKELL,BRYAN,L,29,4.0,1.0,1.0,2.0,1.0,1.0,2.0,0.0,4.0,4.0,0.0,0.0
STEWART,CHRIS,R,29,12.0,5.0,4.0,3.0,1.0,8.0,3.0,0.0,12.0,12.0,0.0,0.0
POMINVILLE,JASON,R,29,21.0,9.0,4.0,8.0,9.0,5.0,7.0,0.0,21.0,21.0,0.0,0.0
HAVLAT,MARTIN,R,29,3.0,1.0,1.0,1.0,2.0,0.0,1.0,0.0,3.0,3.0,0.0,0.0
COYLE,CHARLIE,C,3,36.0,12.0,13.0,11.0,16.0,9.0,10.0,1.0,33.0,34.0,2.0,0.0
MCNABB,BRAYDEN,D,3,19.0,2.0,3.0,14.0,5.0,8.0,6.0,0.0,16.0,16.0,1.0,2.0
BIGRAS,CHRIS,D,3,4.0,0.0,0.0,4.0,1.0,1.0,2.0,0.0,4.0,4.0,0.0,0.0
STONER,CLAYTON,D,3,2.0,0.0,0.0,2.0,0.0,1.0,1.0,0.0,2.0,2.0,0.0,0.0
PHANEUF,DION,D,3,17.0,2.0,5.0,10.0,6.0,4.0,6.0,1.0,14.0,15.0,1.0,1.0
KLINGBERG,JOHN,D,3,36.0,6.0,5.0,25.0,10.0,9.0,16.0,1.0,32.0,34.0,2.0,0.0
JOKIPAKKA,JYRKI,D,3,7.0,0.0,3.0,4.0,3.0,3.0,1.0,0.0,6.0,6.0,0.0,1.0
METHOT,MARC,D,3,10.0,1.0,1.0,8.0,5.0,2.0,3.0,0.0,9.0,9.0,0.0,1.0
PYSYK,MARK,D,3,9.0,0.0,1.0,8.0,3.0,3.0,3.0,0.0,7.0,8.0,1.0,0.0
MAATTA,OLLI,D,3,8.0,0.0,0.0,8.0,0.0,4.0,3.0,1.0,6.0,7.0,0.0,1.0
GUDAS,RADKO,D,3,11.0,4.0,1.0,6.0,4.0,5.0,2.0,0.0,10.0,10.0,0.0,1.0
JONES,SETH,D,3,25.0,2.0,6.0,17.0,13.0,8.0,4.0,0.0,23.0,23.0,1.0,1.0
KAMPFER,STEVEN,D,3,5.0,0.0,1.0,4.0,3.0,1.0,1.0,0.0,5.0,5.0,0.0,0.0
HAMONIC,TRAVIS,D,3,44.0,5.0,5.0,34.0,16.0,8.0,19.0,1.0,32.0,37.0,2.0,5.0
DELL,AARON,G,30,0.0,0.0,0.0,0.0,0.0,0.0,0.0,0.0,0.0,0.0,0.0,0.0
HAMMOND,ANDREW,G,30,0.0,0.0,0.0,0.0,0.0,0.0,0.0,0.0,0.0,0.0,0.0,0.0
BIBEAU,ANTOINE,G,30,0.0,0.0,0.0,0.0,0.0,0.0,0.0,0.0,0.0,0.0,0.0,0.0
KHUDOBIN,ANTON,G,30,0.0,0.0,0.0,0.0,0.0,0.0,0.0,0.0,0.0,0.0,0.0,0.0
BISHOP,BEN,G,30,0.0,0.0,0.0,0.0,0.0,0.0,0.0,0.0,0.0,0.0,0.0,0.0
WARD,CAM,G,30,0.0,0.0,0.0,0.0,0.0,0.0,0.0,0.0,0.0,0.0,0.0,0.0
HUTTON,CARTER,G,30,0.0,0.0,0.0,0.0,0.0,0.0,0.0,0.0,0.0,0.0,0.0,0.0
HELLEBUYCK,CONNOR,G,30,0.0,0.0,0.0,0.0,0.0,0.0,0.0,0.0,0.0,0.0,0.0,0.0
MCELHINNEY,CURTIS,G,30,0.0,0.0,0.0,0.0,0.0,0.0,0.0,0.0,0.0,0.0,0.0,0.0
LUNDQVIST,HENRIK,G,30,0.0,0.0,0.0,0.0,0.0,0.0,0.0,0.0,0.0,0.0,0.0,0.0
BERUBE,JEAN-FRANCOIS,G,30,0.0,0.0,0.0,0.0,0.0,0.0,0.0,0.0,0.0,0.0,0.0,0.0
SMITH,JEREMY,G,30,0.0,0.0,0.0,0.0,0.0,0.0,0.0,0.0,0.0,0.0,0.0,0.0
LANGHAMER,MAREK,G,30,0.0,0.0,0.0,0.0,0.0,0.0,0.0,0.0,0.0,0.0,0.0,0.0
MURRAY,MATTHEW,G,30,0.0,0.0,0.0,0.0,0.0,0.0,0.0,0.0,0.0,0.0,0.0,0.0
NEUVIRTH,MICHAL,G,30,0.0,0.0,0.0,0.0,0.0,0.0,0.0,0.0,0.0,0.0,0.0,0.0
MCKENNA,MIKE,G,30,0.0,0.0,0.0,0.0,0.0,0.0,0.0,0.0,0.0,0.0,0.0,0.0
COPLEY,PHEONIX,G,30,0.0,0.0,0.0,0.0,0.0,0.0,0.0,0.0,0.0,0.0,0.0,0.0
MILLER,RYAN,G,30,0.0,0.0,0.0,0.0,0.0,0.0,0.0,0.0,0.0,0.0,0.0,0.0
FUCALE,ZACHARY,G,30,0.0,0.0,0.0,0.0,0.0,0.0,0.0,0.0,0.0,0.0,0.0,0.0
FORSBERG,ANTON,G,31,0.0,0.0,0.0,0.0,0.0,0.0,0.0,0.0,0.0,0.0,0.0,0.0
NIEMI,ANTTI,G,31,0.0,0.0,0.0,0.0,0.0,0.0,0.0,0.0,0.0,0.0,0.0,0.0
PICKARD,CALVIN,G,31,0.0,0.0,0.0,0.0,0.0,0.0,0.0,0.0,0.0,0.0,0.0,0.0
PRICE,CAREY,G,31,0.0,0.0,0.0,0.0,0.0,0.0,0.0,0.0,0.0,0.0,0.0,0.0
JOHNSON,CHAD,G,31,0.0,0.0,0.0,0.0,0.0,0.0,0.0,0.0,0.0,0.0,0.0,0.0
LACK,EDDIE,G,31,0.0,0.0,0.0,0.0,0.0,0.0,0.0,0.0,0.0,0.0,0.0,0.0
ANDERSEN,FREDERIK,G,31,0.0,0.0,0.0,0.0,0.0,0.0,0.0,0.0,0.0,0.0,0.0,0.0
SPARKS,GARRET,G,31,0.0,0.0,0.0,0.0,0.0,0.0,0.0,0.0,0.0,0.0,0.0,0.0
COREAU,JARED,G,31,0.0,0.0,0.0,0.0,0.0,0.0,0.0,0.0,0.0,0.0,0.0,0.0
RAMO,KARRI,G,31,1.0,0.0,0.0,1.0,0.0,1.0,0.0,0.0,1.0,1.0,0.0,0.0
JONES,MARTIN,G,31,0.0,0.0,0.0,0.0,0.0,0.0,0.0,0.0,0.0,0.0,0.0,0.0
PAVELEC,ONDREJ,G,31,0.0,0.0,0.0,0.0,0.0,0.0,0.0,0.0,0.0,0.0,0.0,0.0
BUDAJ,PETER,G,31,0.0,0.0,0.0,0.0,0.0,0.0,0.0,0.0,0.0,0.0,0.0,0.0
GRUBAUER,PHILIPP,G,31,0.0,0.0,0.0,0.0,0.0,0.0,0.0,0.0,0.0,0.0,0.0,0.0
WEDGEWOOD,SCOTT,G,31,0.0,0.0,0.0,0.0,0.0,0.0,0.0,0.0,0.0,0.0,0.0,0.0
FLYNN,BRIAN,C,32,20.0,7.0,6.0,7.0,6.0,9.0,5.0,0.0,15.0,16.0,0.0,4.0
GAUDET,TYLER,C,32,2.0,1.0,0.0,1.0,1.0,1.0,0.0,0.0,2.0,2.0,0.0,0.0
BEAUCHEMIN,FRANCOIS,D,32,31.0,4.0,4.0,23.0,9.0,8.0,12.0,2.0,21.0,26.0,1.0,4.0
STREIT,MARK,D,32,14.0,3.0,1.0,10.0,1.0,7.0,5.0,1.0,11.0,13.0,1.0,0.0
ROZSIVAL,MICHAL,D,32,6.0,0.0,1.0,5.0,3.0,2.0,1.0,0.0,6.0,6.0,0.0,0.0
STALOCK,ALEX,G,32,0.0,0.0,0.0,0.0,0.0,0.0,0.0,0.0,0.0,0.0,0.0,0.0
RAANTA,ANTTI,G,32,0.0,0.0,0.0,0.0,0.0,0.0,0.0,0.0,0.0,0.0,0.0,0.0
DRIEDGER,CHRIS,G,32,0.0,0.0,0.0,0.0,0.0,0.0,0.0,0.0,0.0,0.0,0.0,0.0
QUICK,JONATHAN,G,32,0.0,0.0,0.0,0.0,0.0,0.0,0.0,0.0,0.0,0.0,0.0,0.0
LEHTONEN,KARI,G,32,0.0,0.0,0.0,0.0,0.0,0.0,0.0,0.0,0.0,0.0,0.0,0.0
BACKSTROM,NIKLAS,G,32,0.0,0.0,0.0,0.0,0.0,0.0,0.0,0.0,0.0,0.0,0.0,0.0
BACHMAN,RICHARD,G,32,0.0,0.0,0.0,0.0,0.0,0.0,0.0,0.0,0.0,0.0,0.0,0.0
LEIVO,JOSH,L,32,4.0,3.0,1.0,0.0,4.0,0.0,0.0,0.0,4.0,4.0,0.0,0.0
VERSTEEG,KRIS,R,32,37.0,12.0,13.0,12.0,14.0,12.0,11.0,0.0,33.0,33.0,4.0,0.0
WILSON,COLIN,C,33,24.0,10.0,8.0,6.0,10.0,8.0,6.0,0.0,24.0,24.0,0.0,0.0
RYAN,DEREK,C,33,4.0,2.0,2.0,0.0,0.0,2.0,2.0,0.0,4.0,4.0,0.0,0.0
SEDIN,HENRIK,C,33,23.0,15.0,3.0,5.0,3.0,12.0,7.0,1.0,19.0,21.0,1.0,1.0
GOLIGOSKI,ALEX,D,33,18.0,1.0,3.0,14.0,5.0,9.0,4.0,0.0,12.0,12.0,0.0,6.0
BYFUGLIEN,DUSTIN,D,33,73.0,10.0,29.0,34.0,23.0,32.0,17.0,1.0,51.0,58.0,1.0,14.0
NAKLADAL,JAKUB,D,33,4.0,0.0,0.0,4.0,1.0,3.0,0.0,0.0,3.0,3.0,1.0,0.0
MITCHELL,WILLIE,D,33,6.0,1.0,1.0,4.0,1.0,3.0,2.0,0.0,5.0,6.0,0.0,0.0
CHARA,ZDENO,D,33,23.0,3.0,2.0,18.0,4.0,11.0,8.0,0.0,19.0,19.0,0.0,4.0
TALBOT,CAM,G,33,0.0,0.0,0.0,0.0,0.0,0.0,0.0,0.0,0.0,0.0,0.0,0.0
GIBSON,CHRISTOPHER,G,33,0.0,0.0,0.0,0.0,0.0,0.0,0.0,0.0,0.0,0.0,0.0,0.0
KASDORF,JASON,G,33,0.0,0.0,0.0,0.0,0.0,0.0,0.0,0.0,0.0,0.0,0.0,0.0
DARLING,SCOTT,G,33,0.0,0.0,0.0,0.0,0.0,0.0,0.0,0.0,0.0,0.0,0.0,0.0
HANNIKAINEN,MARKUS,L,33,1.0,0.0,0.0,1.0,0.0,1.0,0.0,0.0,1.0,1.0,0.0,0.0
SILFVERBERG,JAKOB,R,33,44.0,16.0,13.0,15.0,15.0,9.0,19.0,1.0,31.0,36.0,0.0,8.0
CARON,JORDAN,R,33,0.0,0.0,0.0,0.0,0.0,0.0,0.0,0.0,0.0,0.0,0.0,0.0
ARCOBELLO,MARK,R,33,9.0,5.0,1.0,3.0,5.0,2.0,2.0,0.0,9.0,9.0,0.0,0.0
SODERBERG,CARL,C,34,32.0,12.0,5.0,15.0,13.0,13.0,6.0,0.0,26.0,26.0,1.0,5.0
NELSON,CASEY,D,34,1.0,0.0,0.0,1.0,0.0,1.0,0.0,0.0,1.0,1.0,0.0,0.0
DAHLBECK,KLAS,D,34,10.0,1.0,1.0,8.0,5.0,3.0,2.0,0.0,7.0,7.0,0.0,3.0
ALLEN,JAKE,G,34,0.0,0.0,0.0,0.0,0.0,0.0,0.0,0.0,0.0,0.0,0.0,0.0
REIMER,JAMES,G,34,0.0,0.0,0.0,0.0,0.0,0.0,0.0,0.0,0.0,0.0,0.0,0.0
CANNATA,JOE,G,34,0.0,0.0,0.0,0.0,0.0,0.0,0.0,0.0,0.0,0.0,0.0,0.0
HUTCHINSON,MICHAEL,G,34,0.0,0.0,0.0,0.0,0.0,0.0,0.0,0.0,0.0,0.0,0.0,0.0
MRAZEK,PETR,G,34,0.0,0.0,0.0,0.0,0.0,0.0,0.0,0.0,0.0,0.0,0.0,0.0
SEKAC,JIRI,L,34,1.0,1.0,0.0,0.0,0.0,1.0,0.0,0.0,0.0,0.0,1.0,0.0
DI GIUSEPPE,PHILLIP,L,34,17.0,7.0,6.0,4.0,5.0,7.0,5.0,0.0,16.0,17.0,0.0,0.0
ANDERSON,JOSH,R,34,4.0,2.0,0.0,2.0,2.0,0.0,2.0,0.0,4.0,4.0,0.0,0.0
MCCARRON,MICHAEL,R,34,4.0,2.0,2.0,0.0,2.0,0.0,2.0,0.0,4.0,4.0,0.0,0.0
KUHNHACKL,TOM,R,34,5.0,1.0,2.0,2.0,3.0,2.0,0.0,0.0,4.0,4.0,0.0,1.0
MONTOYA,AL,G,35,0.0,0.0,0.0,0.0,0.0,0.0,0.0,0.0,0.0,0.0,0.0,0.0
LINDGREN,CHARLIE,G,35,0.0,0.0,0.0,0.0,0.0,0.0,0.0,0.0,0.0,0.0,0.0,0.0
SCHNEIDER,CORY,G,35,0.0,0.0,0.0,0.0,0.0,0.0,0.0,0.0,0.0,0.0,0.0,0.0
KUEMPER,DARCY,G,35,0.0,0.0,0.0,0.0,0.0,0.0,0.0,0.0,0.0,0.0,0.0,0.0
TOKARSKI,DUSTIN,G,35,0.0,0.0,0.0,0.0,0.0,0.0,0.0,0.0,0.0,0.0,0.0,0.0
HOWARD,JIMMY,G,35,0.0,0.0,0.0,0.0,0.0,0.0,0.0,0.0,0.0,0.0,0.0,0.0
POULIN,KEVIN,G,35,0.0,0.0,0.0,0.0,0.0,0.0,0.0,0.0,0.0,0.0,0.0,0.0
ULLMARK,LINUS,G,35,0.0,0.0,0.0,0.0,0.0,0.0,0.0,0.0,0.0,0.0,0.0,0.0
DOMINGUE,LOUIS,G,35,0.0,0.0,0.0,0.0,0.0,0.0,0.0,0.0,0.0,0.0,0.0,0.0
RINNE,PEKKA,G,35,1.0,0.0,0.0,1.0,1.0,0.0,0.0,0.0,1.0,1.0,0.0,0.0
WILL,ROMAN,G,35,0.0,0.0,0.0,0.0,0.0,0.0,0.0,0.0,0.0,0.0,0.0,0.0
MASON,STEVE,G,35,0.0,0.0,0.0,0.0,0.0,0.0,0.0,0.0,0.0,0.0,0.0,0.0
O'BRIEN,JIM,C,36,0.0,0.0,0.0,0.0,0.0,0.0,0.0,0.0,0.0,0.0,0.0,0.0
ZUCCARELLO,MATS,C,36,59.0,26.0,15.0,18.0,19.0,21.0,19.0,0.0,52.0,56.0,3.0,0.0
BROWN,PATRICK,C,36,2.0,2.0,0.0,0.0,0.0,0.0,2.0,0.0,2.0,2.0,0.0,0.0
RINALDO,ZAC,C,36,8.0,4.0,2.0,2.0,4.0,0.0,4.0,0.0,8.0,8.0,0.0,0.0
LERNOUT,BRETT,D,36,0.0,0.0,0.0,0.0,0.0,0.0,0.0,0.0,0.0,0.0,0.0,0.0
MORRISSEY,JOSHUA,D,36,0.0,0.0,0.0,0.0,0.0,0.0,0.0,0.0,0.0,0.0,0.0,0.0
PALIOTTA,MICHAEL,D,36,0.0,0.0,0.0,0.0,0.0,0.0,0.0,0.0,0.0,0.0,0.0,0.0
HARRINGTON,SCOTT,D,36,1.0,0.0,0.0,1.0,1.0,0.0,0.0,0.0,1.0,1.0,0.0,0.0
GIBSON,JOHN,G,36,0.0,0.0,0.0,0.0,0.0,0.0,0.0,0.0,0.0,0.0,0.0,0.0
BOULTON,ERIC,L,36,1.0,1.0,0.0,0.0,0.0,1.0,0.0,0.0,1.0,1.0,0.0,0.0
SEKAC,JIRI,L,36,6.0,3.0,2.0,1.0,3.0,3.0,0.0,0.0,6.0,6.0,0.0,0.0
JOKINEN,JUSSI,L,36,31.0,12.0,10.0,9.0,8.0,10.0,11.0,2.0,20.0,25.0,1.0,5.0
KERANEN,MICHAEL,L,36,0.0,0.0,0.0,0.0,0.0,0.0,0.0,0.0,0.0,0.0,0.0,0.0
WAGNER,CHRIS,R,36,0.0,0.0,0.0,0.0,0.0,0.0,0.0,0.0,0.0,0.0,0.0,0.0
MCDONALD,COLIN,R,36,0.0,0.0,0.0,0.0,0.0,0.0,0.0,0.0,0.0,0.0,0.0,0.0
HANSEN,JANNIK,R,36,25.0,11.0,8.0,6.0,9.0,7.0,8.0,1.0,17.0,18.0,0.0,7.0
BROUWER,TROY,R,36,40.0,18.0,11.0,11.0,19.0,7.0,12.0,2.0,32.0,35.0,1.0,4.0
JEFFREY,DUSTIN,C,37,0.0,0.0,0.0,0.0,0.0,0.0,0.0,0.0,0.0,0.0,0.0,0.0
BERGERON,PATRICE,C,37,67.0,29.0,18.0,20.0,28.0,23.0,16.0,0.0,51.0,51.0,4.0,12.0
ZACHA,PAVEL,C,37,2.0,1.0,1.0,0.0,1.0,1.0,0.0,0.0,2.0,2.0,0.0,0.0
REGNER,BRENT,D,37,0.0,0.0,0.0,0.0,0.0,0.0,0.0,0.0,0.0,0.0,0.0,0.0
STRAIT,BRIAN,D,37,9.0,0.0,2.0,7.0,4.0,2.0,3.0,0.0,7.0,8.0,0.0,1.0
ZATKOFF,JEFF,G,37,0.0,0.0,0.0,0.0,0.0,0.0,0.0,0.0,0.0,0.0,0.0,0.0
ORTIO,JONI,G,37,0.0,0.0,0.0,0.0,0.0,0.0,0.0,0.0,0.0,0.0,0.0,0.0
RITCHIE,NICK,L,37,8.0,5.0,2.0,1.0,4.0,3.0,1.0,0.0,8.0,8.0,0.0,0.0
KAPANEN,KASPERI,R,37,4.0,2.0,1.0,1.0,2.0,0.0,2.0,0.0,4.0,4.0,0.0,0.0
JENNER,BOONE,C,38,39.0,17.0,10.0,12.0,13.0,17.0,9.0,0.0,35.0,36.0,0.0,3.0
KEARNS,BRACKEN,C,38,0.0,0.0,0.0,0.0,0.0,0.0,0.0,0.0,0.0,0.0,0.0,0.0
GREENING,COLIN,C,38,10.0,4.0,3.0,3.0,7.0,2.0,1.0,0.0,10.0,10.0,0.0,0.0
HALEY,MICHEAL,C,38,0.0,0.0,0.0,0.0,0.0,0.0,0.0,0.0,0.0,0.0,0.0,0.0
GRAGNANI,MARC-ANDRE,D,38,1.0,0.0,0.0,1.0,0.0,0.0,1.0,0.0,1.0,1.0,0.0,0.0
SANTINI,STEVEN,D,38,0.0,0.0,0.0,0.0,0.0,0.0,0.0,0.0,0.0,0.0,0.0,0.0
THOMAS,CHRISTIAN,L,38,0.0,0.0,0.0,0.0,0.0,0.0,0.0,0.0,0.0,0.0,0.0,0.0
FIDDLER,VERNON,L,38,24.0,7.0,3.0,14.0,9.0,7.0,8.0,0.0,16.0,16.0,0.0,8.0
ARVIDSSON,VIKTOR,L,38,15.0,6.0,4.0,5.0,5.0,6.0,4.0,0.0,15.0,15.0,0.0,0.0
HARTMAN,RYAN,R,38,3.0,2.0,0.0,1.0,2.0,1.0,0.0,0.0,3.0,3.0,0.0,0.0
COUTURE,LOGAN,C,39,39.0,21.0,6.0,12.0,11.0,15.0,13.0,0.0,31.0,31.0,7.0,1.0
CHAPUT,MICHAEL,C,39,0.0,0.0,0.0,0.0,0.0,0.0,0.0,0.0,0.0,0.0,0.0,0.0
NYLANDER,WILLIAM,C,39,16.0,6.0,3.0,7.0,4.0,7.0,5.0,0.0,15.0,15.0,1.0,0.0
PROSSER,NATE,D,39,5.0,1.0,0.0,4.0,3.0,2.0,0.0,0.0,3.0,3.0,0.0,2.0
HELGESON,SETH,D,39,2.0,0.0,1.0,1.0,2.0,0.0,0.0,0.0,1.0,1.0,0.0,1.0
ENSTROM,TOBY,D,39,9.0,2.0,0.0,7.0,3.0,4.0,2.0,0.0,5.0,6.0,1.0,2.0
NILSSON,ANDERS,G,39,0.0,0.0,0.0,0.0,0.0,0.0,0.0,0.0,0.0,0.0,0.0,0.0
MAZANEC,MAREK,G,39,0.0,0.0,0.0,0.0,0.0,0.0,0.0,0.0,0.0,0.0,0.0,0.0
CONDON,MIKE,G,39,1.0,0.0,0.0,1.0,1.0,0.0,0.0,0.0,1.0,1.0,0.0,0.0
BELESKEY,MATT,L,39,27.0,14.0,6.0,7.0,9.0,9.0,9.0,0.0,24.0,25.0,2.0,0.0
MANTHA,ANTHONY,R,39,4.0,3.0,1.0,0.0,3.0,1.0,0.0,0.0,4.0,4.0,0.0,0.0
BAUN,KYLE,R,39,0.0,0.0,0.0,0.0,0.0,0.0,0.0,0.0,0.0,0.0,0.0,0.0
DILLON,BRENDEN,D,4,12.0,1.0,2.0,9.0,7.0,3.0,2.0,0.0,10.0,10.0,0.0,2.0
FOWLER,CAM,D,4,17.0,0.0,2.0,15.0,6.0,4.0,7.0,0.0,13.0,14.0,0.0,3.0
GUNNARSSON,CARL,D,4,14.0,0.0,1.0,13.0,4.0,5.0,5.0,0.0,9.0,11.0,0.0,3.0
OLSEN,DYLAN,D,4,0.0,0.0,0.0,0.0,0.0,0.0,0.0,0.0,0.0,0.0,0.0,0.0
KINDL,JAKUB,D,4,3.0,0.0,0.0,3.0,1.0,1.0,1.0,0.0,3.0,3.0,0.0,0.0
DEMERS,JASON,D,4,28.0,6.0,2.0,20.0,13.0,6.0,9.0,0.0,23.0,26.0,0.0,2.0
GORGES,JOSH,D,4,13.0,3.0,2.0,8.0,6.0,5.0,2.0,0.0,13.0,13.0,0.0,0.0
SCHULTZ,JUSTIN,D,4,5.0,0.0,1.0,4.0,3.0,1.0,1.0,0.0,4.0,4.0,1.0,0.0
CONNAUTON,KEVIN,D,4,4.0,0.0,0.0,4.0,2.0,1.0,1.0,0.0,4.0,4.0,0.0,0.0
RUSSELL,KRIS,D,4,19.0,3.0,2.0,14.0,7.0,6.0,6.0,0.0,15.0,16.0,1.0,2.0
REILLY,MIKE,D,4,2.0,0.0,0.0,2.0,0.0,0.0,2.0,0.0,2.0,2.0,0.0,0.0
HJALMARSSON,NIKLAS,D,4,31.0,2.0,3.0,26.0,11.0,13.0,6.0,1.0,24.0,26.0,0.0,5.0
POSTMA,PAUL,D,4,4.0,0.0,1.0,3.0,2.0,0.0,2.0,0.0,4.0,4.0,0.0,0.0
SCUDERI,ROB,D,4,1.0,0.0,0.0,1.0,0.0,0.0,1.0,0.0,0.0,0.0,0.0,1.0
ELLIS,RYAN,D,4,24.0,6.0,7.0,11.0,8.0,7.0,9.0,0.0,15.0,15.0,2.0,7.0
CHORNEY,TAYLOR,D,4,8.0,1.0,1.0,6.0,1.0,4.0,3.0,0.0,8.0,8.0,0.0,0.0
BARRIE,TYSON,D,4,29.0,5.0,4.0,20.0,12.0,10.0,7.0,0.0,26.0,26.0,3.0,0.0
MICHALEK,ZBYNEK,D,4,21.0,0.0,2.0,19.0,6.0,9.0,6.0,0.0,13.0,13.0,0.0,8.0
HALL,TAYLOR,L,4,64.0,30.0,15.0,19.0,22.0,22.0,19.0,1.0,60.0,62.0,2.0,0.0
SUNDQVIST,OSKAR,C,40,6.0,3.0,3.0,0.0,3.0,1.0,2.0,0.0,6.0,6.0,0.0,0.0
CARPENTER,RYAN,C,40,0.0,0.0,0.0,0.0,0.0,0.0,0.0,0.0,0.0,0.0,0.0,0.0
LECAVALIER,VINCENT,C,40,2.0,0.0,2.0,0.0,2.0,0.0,0.0,0.0,2.0,2.0,0.0,0.0
SCRIVENS,BEN,G,40,0.0,0.0,0.0,0.0,0.0,0.0,0.0,0.0,0.0,0.0,0.0,0.0
ALTSHULLER,DANIEL,G,40,0.0,0.0,0.0,0.0,0.0,0.0,0.0,0.0,0.0,0.0,0.0,0.0
DUBNYK,DEVAN,G,40,0.0,0.0,0.0,0.0,0.0,0.0,0.0,0.0,0.0,0.0,0.0,0.0
SCHOENFELD,NATHAN,G,40,0.0,0.0,0.0,0.0,0.0,0.0,0.0,0.0,0.0,0.0,0.0,0.0
LEHNER,ROBIN,G,40,0.0,0.0,0.0,0.0,0.0,0.0,0.0,0.0,0.0,0.0,0.0,0.0
RASK,TUUKKA,G,40,0.0,0.0,0.0,0.0,0.0,0.0,0.0,0.0,0.0,0.0,0.0,0.0
DANIS,YANN,G,40,0.0,0.0,0.0,0.0,0.0,0.0,0.0,0.0,0.0,0.0,0.0,0.0
TANGUAY,ALEX,L,40,27.0,11.0,8.0,8.0,10.0,9.0,7.0,1.0,24.0,25.0,1.0,1.0
ZETTERBERG,HENRIK,L,40,29.0,16.0,4.0,9.0,7.0,11.0,9.0,2.0,24.0,28.0,1.0,0.0
ZALEWSKI,MICHAEL,L,40,0.0,0.0,0.0,0.0,0.0,0.0,0.0,0.0,0.0,0.0,0.0,0.0
BOLL,JARED,R,40,3.0,1.0,2.0,0.0,2.0,0.0,1.0,0.0,3.0,3.0,0.0,0.0
ARMIA,JOEL,R,40,23.0,13.0,4.0,6.0,7.0,8.0,8.0,0.0,20.0,20.0,1.0,2.0
GRABNER,MICHAEL,R,40,66.0,15.0,11.0,40.0,23.0,24.0,16.0,3.0,38.0,44.0,0.0,22.0
WENNBERG,ALEXANDER,C,41,42.0,18.0,10.0,14.0,15.0,11.0,16.0,0.0,38.0,40.0,1.0,1.0
MCKEGG,GREG,C,41,4.0,1.0,1.0,2.0,1.0,2.0,1.0,0.0,4.0,4.0,0.0,0.0
KEMPPAINEN,JOONAS,C,41,28.0,6.0,11.0,11.0,9.0,13.0,6.0,0.0,21.0,21.0,0.0,7.0
GLENDENING,LUKE,C,41,20.0,12.0,3.0,5.0,6.0,7.0,7.0,0.0,13.0,14.0,0.0,6.0
MCNEILL,MARK,C,41,1.0,0.0,1.0,0.0,0.0,0.0,1.0,0.0,1.0,1.0,0.0,0.0
BODNARCHUK,ANDREW,D,41,1.0,0.0,0.0,1.0,1.0,0.0,0.0,0.0,1.0,1.0,0.0,0.0
MUELLER,MIRCO,D,41,1.0,0.0,0.0,1.0,0.0,1.0,0.0,0.0,1.0,1.0,0.0,0.0
BORTUZZO,ROBERT,D,41,5.0,0.0,1.0,4.0,4.0,1.0,0.0,0.0,5.0,5.0,0.0,0.0
ANDERSON,CRAIG,G,41,2.0,0.0,1.0,1.0,2.0,0.0,0.0,0.0,2.0,2.0,0.0,0.0
HALAK,JAROSLAV,G,41,0.0,0.0,0.0,0.0,0.0,0.0,0.0,0.0,0.0,0.0,0.0,0.0
SMITH,MIKE,G,41,1.0,0.0,0.0,1.0,1.0,0.0,0.0,0.0,1.0,1.0,0.0,0.0
ZOLNIERCZYK,HARRY,L,41,0.0,0.0,0.0,0.0,0.0,0.0,0.0,0.0,0.0,0.0,0.0,0.0
BYRON,PAUL,L,41,23.0,5.0,6.0,12.0,8.0,4.0,11.0,0.0,12.0,14.0,1.0,8.0
KENINS,RONALDS,L,41,3.0,1.0,1.0,1.0,2.0,1.0,0.0,0.0,3.0,3.0,0.0,0.0
SPRONG,DANIEL,R,41,4.0,1.0,0.0,3.0,2.0,1.0,1.0,0.0,4.0,4.0,0.0,0.0
SOSHNIKOV,NIKITA,R,41,2.0,0.0,2.0,0.0,1.0,1.0,0.0,0.0,2.0,2.0,0.0,0.0
NORDSTROM,JOAKIM,C,42,26.0,6.0,10.0,10.0,6.0,9.0,11.0,0.0,20.0,20.0,0.0,6.0
MARCHESSAULT,JONATHAN,C,42,5.0,1.0,3.0,1.0,3.0,1.0,1.0,0.0,4.0,4.0,1.0,0.0
HOWDEN,QUINTON,C,42,9.0,6.0,3.0,0.0,5.0,2.0,2.0,0.0,9.0,9.0,0.0,0.0
BOZAK,TYLER,C,42,33.0,15.0,5.0,13.0,13.0,9.0,9.0,2.0,25.0,28.0,3.0,2.0
MANSON,JOSH,D,42,18.0,0.0,3.0,15.0,8.0,1.0,9.0,0.0,13.0,15.0,0.0,3.0
MAYFIELD,SCOTT,D,42,0.0,0.0,0.0,0.0,0.0,0.0,0.0,0.0,0.0,0.0,0.0,0.0
SLEPYSHEV,ANTON,L,42,2.0,1.0,0.0,1.0,1.0,0.0,1.0,0.0,2.0,2.0,0.0,0.0
SELLECK,ERIC,L,42,0.0,0.0,0.0,0.0,0.0,0.0,0.0,0.0,0.0,0.0,0.0,0.0
BACKES,DAVID,R,42,39.0,13.0,9.0,17.0,9.0,15.0,14.0,1.0,26.0,27.0,0.0,12.0
WARD,JOEL,R,42,41.0,19.0,3.0,19.0,11.0,18.0,12.0,0.0,33.0,33.0,0.0,8.0
ANDRIGHETTO,SVEN,R,42,9.0,2.0,4.0,3.0,4.0,2.0,3.0,0.0,7.0,7.0,2.0,0.0
CATENACCI,DANIEL,C,43,2.0,2.0,0.0,0.0,1.0,1.0,0.0,0.0,2.0,2.0,0.0,0.0
HELM,DARREN,C,43,22.0,10.0,2.0,10.0,5.0,10.0,7.0,0.0,15.0,16.0,0.0,6.0
KADRI,NAZEM,C,43,47.0,17.0,9.0,21.0,15.0,17.0,15.0,0.0,44.0,45.0,1.0,1.0
DZINGEL,RYAN,C,43,6.0,4.0,1.0,1.0,4.0,0.0,2.0,0.0,6.0,6.0,0.0,0.0
SVEDBERG,VIKTOR,D,43,7.0,0.0,1.0,6.0,1.0,4.0,2.0,0.0,5.0,5.0,0.0,2.0
SHEARY,CONOR,L,43,7.0,3.0,2.0,2.0,2.0,4.0,1.0,0.0,7.0,7.0,0.0,0.0
CARR,DANIEL,L,43,7.0,2.0,3.0,2.0,2.0,3.0,2.0,0.0,7.0,7.0,0.0,0.0
FRIBERG,MAX,L,43,0.0,0.0,0.0,0.0,0.0,0.0,0.0,0.0,0.0,0.0,0.0,0.0
HARTNELL,SCOTT,L,43,20.0,8.0,8.0,4.0,3.0,6.0,11.0,0.0,18.0,18.0,2.0,0.0
PLOTNIKOV,SERGEI,L,43,1.0,1.0,0.0,0.0,0.0,1.0,0.0,0.0,1.0,1.0,0.0,0.0
WILSON,TOM,R,43,16.0,5.0,8.0,3.0,3.0,6.0,7.0,0.0,14.0,14.0,0.0,2.0
NICHUSHKIN,VALERI,R,43,33.0,14.0,6.0,13.0,17.0,8.0,8.0,0.0,33.0,33.0,0.0,0.0
PAGEAU,JEAN-GABRIEL,C,44,30.0,11.0,11.0,8.0,8.0,15.0,7.0,0.0,23.0,23.0,0.0,7.0
THOMPSON,NATE,C,44,7.0,3.0,2.0,2.0,3.0,3.0,1.0,0.0,4.0,4.0,0.0,3.0
GRAOVAC,TYLER,C,44,2.0,0.0,1.0,1.0,1.0,1.0,0.0,0.0,2.0,2.0,0.0,0.0
LECAVALIER,VINCENT,C,44,11.0,4.0,1.0,6.0,3.0,6.0,2.0,0.0,10.0,10.0,1.0,0.0
ORPIK,BROOKS,D,44,7.0,2.0,1.0,4.0,2.0,3.0,2.0,0.0,5.0,7.0,0.0,0.0
DE HAAN,CALVIN,D,44,19.0,1.0,0.0,18.0,2.0,13.0,4.0,0.0,13.0,14.0,0.0,5.0
DIETZ,DARREN,D,44,3.0,0.0,1.0,2.0,1.0,0.0,2.0,0.0,3.0,3.0,0.0,0.0
SEIDENBERG,DENNIS,D,44,16.0,4.0,3.0,9.0,9.0,3.0,3.0,1.0,12.0,13.0,0.0,3.0
GELINAS,ERIC,D,44,7.0,1.0,2.0,4.0,3.0,1.0,3.0,0.0,7.0,7.0,0.0,0.0
GUDBRANSON,ERIK,D,44,11.0,1.0,2.0,8.0,2.0,4.0,5.0,0.0,10.0,10.0,0.0,1.0
FALK,JUSTIN,D,44,3.0,0.0,1.0,2.0,2.0,0.0,1.0,0.0,2.0,2.0,0.0,1.0
CONNAUTON,KEVIN,D,44,11.0,0.0,4.0,7.0,5.0,4.0,2.0,0.0,10.0,11.0,0.0,0.0
VLASIC,MARC-EDOUARD,D,44,15.0,2.0,2.0,11.0,2.0,9.0,4.0,0.0,9.0,10.0,3.0,2.0
BARTKOWSKI,MATT,D,44,18.0,2.0,3.0,13.0,6.0,8.0,4.0,0.0,15.0,15.0,1.0,2.0
RIELLY,MORGAN,D,44,35.0,9.0,2.0,24.0,13.0,9.0,12.0,1.0,24.0,26.0,4.0,5.0
WOOD,MILES,L,44,0.0,0.0,0.0,0.0,0.0,0.0,0.0,0.0,0.0,0.0,0.0,0.0
DESLAURIERS,NICOLAS,L,44,14.0,3.0,5.0,6.0,7.0,3.0,4.0,0.0,14.0,14.0,0.0,0.0
MCGINN,TYE,L,44,1.0,0.0,1.0,0.0,0.0,0.0,1.0,0.0,1.0,1.0,0.0,0.0
KASSIAN,ZACK,R,44,11.0,5.0,5.0,1.0,2.0,4.0,5.0,0.0,11.0,11.0,0.0,0.0
MCFARLAND,JOHN,C,45,0.0,0.0,0.0,0.0,0.0,0.0,0.0,0.0,0.0,0.0,0.0,0.0
WIDEMAN,CHRIS,D,45,5.0,1.0,0.0,4.0,3.0,1.0,1.0,0.0,5.0,5.0,0.0,0.0
MORROW,JOE,D,45,9.0,4.0,2.0,3.0,2.0,3.0,4.0,0.0,8.0,9.0,0.0,0.0
BARBERIO,MARK,D,45,11.0,3.0,2.0,6.0,1.0,2.0,6.0,2.0,8.0,10.0,1.0,0.0
VATANEN,SAMI,D,45,34.0,8.0,3.0,23.0,13.0,8.0,13.0,0.0,26.0,26.0,3.0,5.0
ELLIOTT,STEFAN,D,45,3.0,0.0,1.0,2.0,2.0,1.0,0.0,0.0,3.0,3.0,0.0,0.0
LABARBERA,JASON,G,45,0.0,0.0,0.0,0.0,0.0,0.0,0.0,0.0,0.0,0.0,0.0,0.0
BERNIER,JONATHAN,G,45,0.0,0.0,0.0,0.0,0.0,0.0,0.0,0.0,0.0,0.0,0.0,0.0
HELLBERG,MAGNUS,G,45,0.0,0.0,0.0,0.0,0.0,0.0,0.0,0.0,0.0,0.0,0.0,0.0
EVERBERG,DENNIS,R,45,0.0,0.0,0.0,0.0,0.0,0.0,0.0,0.0,0.0,0.0,0.0,0.0
ARCHIBALD,JOSH,R,45,0.0,0.0,0.0,0.0,0.0,0.0,0.0,0.0,0.0,0.0,0.0,0.0
THOMPSON,PAUL,R,45,1.0,0.0,1.0,0.0,1.0,0.0,0.0,0.0,1.0,1.0,0.0,0.0
KREJCI,DAVID,C,46,36.0,11.0,9.0,16.0,12.0,9.0,14.0,1.0,29.0,32.0,0.0,4.0
WELSH,JEREMY,C,46,1.0,1.0,0.0,0.0,0.0,0.0,1.0,0.0,1.0,1.0,0.0,0.0
LATTA,MICHAEL,C,46,8.0,4.0,2.0,2.0,2.0,3.0,3.0,0.0,8.0,8.0,0.0,0.0
GORMLEY,BRANDON,D,46,5.0,0.0,1.0,4.0,0.0,2.0,3.0,0.0,5.0,5.0,0.0,0.0
FRANSON,CODY,D,46,14.0,6.0,1.0,7.0,4.0,6.0,4.0,0.0,10.0,10.0,2.0,2.0
KUKAN,DEAN,D,46,4.0,0.0,1.0,3.0,0.0,2.0,2.0,0.0,4.0,4.0,0.0,0.0
KINDL,JAKUB,D,46,4.0,1.0,2.0,1.0,1.0,2.0,1.0,0.0,4.0,4.0,0.0,0.0
SPURGEON,JARED,D,46,19.0,2.0,1.0,16.0,7.0,5.0,7.0,0.0,15.0,16.0,1.0,2.0
WIERCIOCH,PATRICK,D,46,7.0,0.0,2.0,5.0,0.0,2.0,5.0,0.0,7.0,7.0,0.0,0.0
POLAK,ROMAN,D,46,17.0,1.0,0.0,16.0,5.0,8.0,4.0,0.0,9.0,9.0,0.0,8.0
CARRICK,TREVOR,D,46,4.0,1.0,0.0,3.0,2.0,2.0,0.0,0.0,3.0,3.0,1.0,0.0
SEKAC,JIRI,L,46,7.0,4.0,2.0,1.0,2.0,3.0,2.0,0.0,7.0,7.0,0.0,0.0
HRIVIK,MAREK,L,46,0.0,0.0,0.0,0.0,0.0,0.0,0.0,0.0,0.0,0.0,0.0,0.0
LIPON,JC,R,46,1.0,1.0,0.0,0.0,0.0,0.0,1.0,0.0,1.0,1.0,0.0,0.0
BLUNDEN,MIKE,R,46,1.0,0.0,0.0,1.0,0.0,0.0,1.0,0.0,1.0,1.0,0.0,0.0
SISLO,MIKE,R,46,3.0,1.0,2.0,0.0,2.0,0.0,1.0,0.0,2.0,2.0,1.0,0.0
LINDBERG,TOBIAS,R,46,2.0,2.0,0.0,0.0,1.0,0.0,1.0,0.0,2.0,2.0,0.0,0.0
BERTSCHY,CHRISTOPH,C,47,0.0,0.0,0.0,0.0,0.0,0.0,0.0,0.0,0.0,0.0,0.0,0.0
KOMAROV,LEO,C,47,42.0,21.0,4.0,17.0,12.0,17.0,12.0,1.0,34.0,36.0,2.0,4.0
GRANT,ALEX,D,47,1.0,0.0,1.0,0.0,0.0,1.0,0.0,0.0,1.0,1.0,0.0,0.0
MARCHENKO,ALEXEY,D,47,7.0,0.0,1.0,6.0,3.0,2.0,2.0,0.0,6.0,6.0,0.0,1.0
MACDONALD,ANDREW,D,47,4.0,0.0,0.0,4.0,1.0,1.0,2.0,0.0,3.0,4.0,0.0,0.0
PROUT,DALTON,D,47,7.0,0.0,2.0,5.0,1.0,1.0,5.0,0.0,6.0,6.0,0.0,1.0
WARSOFSKY,DAVID,D,47,1.0,0.0,1.0,0.0,0.0,0.0,1.0,0.0,0.0,0.0,1.0,0.0
LINDHOLM,HAMPUS,D,47,18.0,4.0,2.0,12.0,6.0,6.0,5.0,1.0,15.0,16.0,0.0,2.0
ODUYA,JOHNNY,D,47,23.0,0.0,3.0,20.0,5.0,8.0,10.0,0.0,20.0,21.0,0.0,2.0
JORDAN,MICHAL,D,47,6.0,1.0,3.0,2.0,2.0,3.0,1.0,0.0,4.0,4.0,0.0,2.0
SCUDERI,ROB,D,47,3.0,0.0,0.0,3.0,1.0,2.0,0.0,0.0,3.0,3.0,0.0,0.0
KRUG,TOREY,D,47,20.0,2.0,4.0,14.0,4.0,11.0,4.0,1.0,15.0,17.0,3.0,0.0
BOGOSIAN,ZACH,D,47,17.0,3.0,3.0,11.0,6.0,5.0,6.0,0.0,13.0,13.0,1.0,3.0
BAERTSCHI,SVEN,L,47,26.0,7.0,9.0,10.0,10.0,7.0,9.0,0.0,24.0,25.0,1.0,0.0
SESTITO,TOM,L,47,0.0,0.0,0.0,0.0,0.0,0.0,0.0,0.0,0.0,0.0,0.0,0.0
VERMIN,JOEL,R,47,0.0,0.0,0.0,0.0,0.0,0.0,0.0,0.0,0.0,0.0,0.0,0.0
SUTTER,BRODY,C,48,1.0,0.0,1.0,0.0,0.0,0.0,1.0,0.0,1.0,1.0,0.0,0.0
SHINKARUK,HUNTER,C,48,1.0,0.0,0.0,1.0,0.0,1.0,0.0,0.0,1.0,1.0,0.0,0.0
HERTL,TOMAS,C,48,35.0,11.0,12.0,12.0,18.0,6.0,10.0,1.0,30.0,34.0,0.0,1.0
KENNEDY,TYLER,C,48,16.0,11.0,2.0,3.0,9.0,4.0,3.0,0.0,15.0,15.0,1.0,0.0
HINOSTROZA,VINCENT,C,48,3.0,2.0,1.0,0.0,1.0,0.0,2.0,0.0,2.0,3.0,0.0,0.0
CAMPBELL,ANDREW,D,48,1.0,1.0,0.0,0.0,1.0,0.0,0.0,0.0,1.0,1.0,0.0,0.0
MILLER,COLIN,D,48,6.0,1.0,1.0,4.0,1.0,4.0,1.0,0.0,6.0,6.0,0.0,0.0
LINDBOHM,PETTERI,D,48,2.0,0.0,0.0,2.0,0.0,1.0,1.0,0.0,2.0,2.0,0.0,0.0
MARTINOOK,JORDAN,L,48,52.0,16.0,16.0,20.0,16.0,21.0,15.0,0.0,36.0,37.0,0.0,15.0
SHAW,LOGAN,R,48,21.0,8.0,10.0,3.0,6.0,5.0,10.0,0.0,18.0,18.0,1.0,2.0
SIMON,DOMINIK,C,49,0.0,0.0,0.0,0.0,0.0,0.0,0.0,0.0,0.0,0.0,0.0,0.0
SHINKARUK,HUNTER,C,49,0.0,0.0,0.0,0.0,0.0,0.0,0.0,0.0,0.0,0.0,0.0,0.0
RASK,VICTOR,C,49,42.0,13.0,15.0,14.0,16.0,11.0,13.0,2.0,38.0,41.0,1.0,0.0
CLAESSON,FREDRIK,D,49,9.0,3.0,2.0,4.0,2.0,4.0,3.0,0.0,9.0,9.0,0.0,0.0
LEIGHTON,MICHAEL,G,49,0.0,0.0,0.0,0.0,0.0,0.0,0.0,0.0,0.0,0.0,0.0,0.0
LEIPSIC,BRENDAN,L,49,3.0,1.0,1.0,1.0,1.0,1.0,1.0,0.0,3.0,3.0,0.0,0.0
TANGRADI,ERIC,L,49,0.0,0.0,0.0,0.0,0.0,0.0,0.0,0.0,0.0,0.0,0.0,0.0
MERSCH,MICHAEL,L,49,3.0,2.0,1.0,0.0,0.0,1.0,2.0,0.0,3.0,3.0,0.0,0.0
GALIEV,STANISLAV,R,49,6.0,4.0,2.0,0.0,2.0,1.0,3.0,0.0,6.0,6.0,0.0,0.0
EKBLAD,AARON,D,5,24.0,2.0,9.0,13.0,3.0,12.0,9.0,0.0,18.0,20.0,1.0,3.0
LARSSON,ADAM,D,5,22.0,2.0,3.0,17.0,8.0,10.0,4.0,0.0,19.0,19.0,0.0,3.0
JACKMAN,BARRET,D,5,8.0,1.0,4.0,3.0,4.0,4.0,0.0,0.0,8.0,8.0,0.0,0.0
RUHWEDEL,CHAD,D,5,0.0,0.0,0.0,0.0,0.0,0.0,0.0,0.0,0.0,0.0,0.0,0.0
FOLIN,CHRISTIAN,D,5,4.0,0.0,1.0,3.0,2.0,2.0,0.0,0.0,4.0,4.0,0.0,0.0
CECI,CODY,D,5,15.0,0.0,3.0,12.0,5.0,4.0,6.0,0.0,12.0,13.0,0.0,2.0
MURPHY,CONNOR,D,5,21.0,5.0,2.0,14.0,8.0,4.0,8.0,1.0,16.0,20.0,0.0,1.0
GIRARDI,DAN,D,5,23.0,4.0,1.0,18.0,9.0,9.0,5.0,0.0,19.0,19.0,2.0,2.0
RUNDBLAD,DAVID,D,5,4.0,0.0,0.0,4.0,1.0,3.0,0.0,0.0,4.0,4.0,0.0,0.0
WARSOFSKY,DAVID,D,5,3.0,1.0,0.0,2.0,1.0,0.0,1.0,1.0,2.0,3.0,0.0,0.0
MCBAIN,JAMIE,D,5,2.0,0.0,0.0,2.0,1.0,1.0,0.0,0.0,2.0,2.0,0.0,0.0
OLEKSIAK,JAMIE,D,5,4.0,1.0,2.0,1.0,0.0,3.0,1.0,0.0,4.0,4.0,0.0,0.0
GARRISON,JASON,D,5,15.0,4.0,1.0,10.0,4.0,7.0,4.0,0.0,12.0,12.0,0.0,3.0
HOLZER,KORBINIAN,D,5,2.0,0.0,0.0,2.0,2.0,0.0,0.0,0.0,1.0,1.0,0.0,1.0
SBISA,LUCA,D,5,5.0,0.0,0.0,5.0,3.0,1.0,1.0,0.0,5.0,5.0,0.0,0.0
FAYNE,MARK,D,5,13.0,0.0,2.0,11.0,4.0,4.0,5.0,0.0,13.0,13.0,0.0,0.0
GIORDANO,MARK,D,5,45.0,6.0,6.0,33.0,18.0,13.0,11.0,3.0,32.0,35.0,5.0,5.0
STUART,MARK,D,5,3.0,1.0,1.0,1.0,1.0,2.0,0.0,0.0,3.0,3.0,0.0,0.0
GUENIN,NATE,D,5,2.0,0.0,0.0,2.0,1.0,0.0,1.0,0.0,1.0,1.0,0.0,1.0
HANIFIN,NOAH,D,5,42.0,9.0,8.0,25.0,12.0,13.0,14.0,3.0,31.0,35.0,6.0,1.0
VERMETTE,ANTOINE,C,50,27.0,9.0,10.0,8.0,9.0,8.0,9.0,1.0,20.0,21.0,3.0,3.0
GAUNCE,BRENDAN,C,50,11.0,2.0,3.0,6.0,6.0,4.0,0.0,1.0,5.0,6.0,0.0,5.0
TIERNEY,CHRIS,C,50,31.0,13.0,8.0,10.0,8.0,15.0,8.0,0.0,26.0,26.0,0.0,5.0
PELECH,ADAM,D,50,1.0,0.0,0.0,1.0,0.0,0.0,1.0,0.0,0.0,0.0,0.0,1.0
SIELOFF,PATRICK,D,50,0.0,0.0,0.0,0.0,0.0,0.0,0.0,0.0,0.0,0.0,0.0,0.0
PERCY,STUART,D,50,1.0,0.0,0.0,1.0,1.0,0.0,0.0,0.0,1.0,1.0,0.0,0.0
CRAWFORD,COREY,G,50,0.0,0.0,0.0,0.0,0.0,0.0,0.0,0.0,0.0,0.0,0.0,0.0
GUSTAVSSON,JONAS,G,50,0.0,0.0,0.0,0.0,0.0,0.0,0.0,0.0,0.0,0.0,0.0,0.0
BINNINGTON,JORDAN,G,50,0.0,0.0,0.0,0.0,0.0,0.0,0.0,0.0,0.0,0.0,0.0,0.0
GUDLEVSKIS,KRISTERS,G,50,0.0,0.0,0.0,0.0,0.0,0.0,0.0,0.0,0.0,0.0,0.0,0.0
LIEUWEN,NATHAN,G,50,0.0,0.0,0.0,0.0,0.0,0.0,0.0,0.0,0.0,0.0,0.0,0.0
MICHALEK,STEVE,G,50,0.0,0.0,0.0,0.0,0.0,0.0,0.0,0.0,0.0,0.0,0.0,0.0
LANDER,ANTON,C,51,23.0,9.0,6.0,8.0,14.0,3.0,6.0,0.0,17.0,17.0,0.0,6.0
DESHARNAIS,DAVID,C,51,27.0,10.0,8.0,9.0,7.0,15.0,5.0,0.0,24.0,26.0,1.0,0.0
NIELSEN,FRANS,C,51,30.0,5.0,6.0,19.0,11.0,10.0,9.0,0.0,24.0,27.0,0.0,3.0
SPOONER,RYAN,C,51,25.0,10.0,6.0,9.0,9.0,8.0,8.0,0.0,24.0,24.0,1.0,0.0
KALININ,SERGEY,C,51,25.0,13.0,7.0,5.0,8.0,11.0,6.0,0.0,22.0,22.0,2.0,1.0
FILPPULA,VALTTERI,C,51,30.0,12.0,8.0,10.0,12.0,8.0,10.0,0.0,23.0,24.0,2.0,4.0
CAMPBELL,BRIAN,D,51,23.0,3.0,4.0,16.0,13.0,5.0,5.0,0.0,17.0,20.0,0.0,3.0
POULIOT,DERRICK,D,51,6.0,0.0,2.0,4.0,1.0,3.0,2.0,0.0,6.0,6.0,0.0,0.0
TYUTIN,FEDOR,D,51,7.0,0.0,3.0,4.0,3.0,3.0,1.0,0.0,5.0,5.0,0.0,2.0
GARDINER,JAKE,D,51,33.0,5.0,5.0,23.0,6.0,13.0,14.0,0.0,30.0,31.0,1.0,1.0
WATSON,AUSTIN,L,51,11.0,5.0,4.0,2.0,3.0,4.0,4.0,0.0,9.0,9.0,0.0,2.0
AGOSTINO,KENNY,L,51,2.0,2.0,0.0,0.0,1.0,0.0,1.0,0.0,2.0,2.0,0.0,0.0
HOLLOWAY,BUD,C,52,2.0,1.0,0.0,1.0,1.0,1.0,0.0,0.0,2.0,2.0,0.0,0.0
COUSINS,NICK,C,52,18.0,9.0,3.0,6.0,7.0,5.0,6.0,0.0,18.0,18.0,0.0,0.0
GUSTAFSSON,ERIK,D,52,9.0,2.0,0.0,7.0,3.0,3.0,2.0,1.0,7.0,8.0,1.0,0.0
ERICSSON,JONATHAN,D,52,14.0,2.0,7.0,5.0,8.0,3.0,3.0,0.0,9.0,9.0,0.0,5.0
SCHENN,LUKE,D,52,8.0,0.0,1.0,7.0,6.0,2.0,0.0,0.0,7.0,7.0,1.0,0.0
MARINCIN,MARTIN,D,52,25.0,2.0,5.0,18.0,9.0,7.0,9.0,0.0,18.0,19.0,0.0,6.0
IRWIN,MATT,D,52,0.0,0.0,0.0,0.0,0.0,0.0,0.0,0.0,0.0,0.0,0.0,0.0
BOLLIG,BRANDON,L,52,11.0,2.0,7.0,2.0,5.0,3.0,3.0,0.0,11.0,11.0,0.0,0.0
JOHNSTON,ROSS,L,52,2.0,1.0,1.0,0.0,2.0,0.0,0.0,0.0,1.0,1.0,0.0,1.0
FASCHING,HUDSON,R,52,4.0,3.0,1.0,0.0,1.0,1.0,2.0,0.0,4.0,4.0,0.0,0.0
HORVAT,BO,C,53,27.0,15.0,3.0,9.0,8.0,9.0,10.0,0.0,22.0,22.0,0.0,5.0
CIZIKAS,CASEY,C,53,58.0,15.0,11.0,32.0,16.0,18.0,24.0,0.0,44.0,46.0,0.0,12.0
KNIGHT,CORBAN,C,53,6.0,1.0,1.0,4.0,2.0,3.0,1.0,0.0,6.0,6.0,0.0,0.0
SKINNER,JEFF,C,53,77.0,49.0,18.0,10.0,23.0,21.0,32.0,1.0,71.0,75.0,2.0,0.0
CARRICK,SAM,C,53,0.0,0.0,0.0,0.0,0.0,0.0,0.0,0.0,0.0,0.0,0.0,0.0
COLLINS,SEAN,C,53,0.0,0.0,0.0,0.0,0.0,0.0,0.0,0.0,0.0,0.0,0.0,0.0
GRIFFITH,SETH,C,53,0.0,0.0,0.0,0.0,0.0,0.0,0.0,0.0,0.0,0.0,0.0,0.0
GRAVEL,KEVIN,D,53,0.0,0.0,0.0,0.0,0.0,0.0,0.0,0.0,0.0,0.0,0.0,0.0
WITKOWSKI,LUKE,D,53,0.0,0.0,0.0,0.0,0.0,0.0,0.0,0.0,0.0,0.0,0.0,0.0
GOSTISBEHERE,SHAYNE,D,53,28.0,8.0,7.0,13.0,6.0,11.0,11.0,0.0,24.0,26.0,2.0,0.0
THEODORE,SHEA,D,53,10.0,0.0,0.0,10.0,3.0,4.0,3.0,0.0,7.0,7.0,0.0,3.0
MOZIK,VOJTECH,D,53,0.0,0.0,0.0,0.0,0.0,0.0,0.0,0.0,0.0,0.0,0.0,0.0
MASHINTER,BRANDON,L,53,6.0,1.0,5.0,0.0,2.0,3.0,1.0,0.0,6.0,6.0,0.0,0.0
LESSIO,LUCAS,L,53,2.0,1.0,0.0,1.0,1.0,1.0,0.0,0.0,2.0,2.0,0.0,0.0
GAUTHIER,FREDERIK,C,54,1.0,0.0,0.0,1.0,1.0,0.0,0.0,0.0,0.0,0.0,0.0,1.0
MCQUAID,ADAM,D,54,7.0,2.0,1.0,4.0,4.0,1.0,2.0,0.0,7.0,7.0,0.0,0.0
PESCE,BRETT,D,54,43.0,8.0,9.0,26.0,17.0,14.0,12.0,0.0,38.0,40.0,1.0,2.0
HUDON,CHARLES,L,54,2.0,2.0,0.0,0.0,0.0,2.0,0.0,0.0,2.0,2.0,0.0,0.0
KHAIRA,JUJHAR,L,54,6.0,5.0,0.0,1.0,3.0,2.0,1.0,0.0,6.0,6.0,0.0,0.0
BULMER,BRETT,R,54,0.0,0.0,0.0,0.0,0.0,0.0,0.0,0.0,0.0,0.0,0.0,0.0
LETESTU,MARK,C,55,28.0,11.0,2.0,15.0,13.0,7.0,8.0,0.0,17.0,19.0,1.0,8.0
SCHEIFELE,MARK,C,55,61.0,25.0,12.0,24.0,30.0,14.0,12.0,5.0,53.0,60.0,1.0,0.0
ACCIARI,NOEL,C,55,1.0,0.0,0.0,1.0,1.0,0.0,0.0,0.0,1.0,1.0,0.0,0.0
NESS,AARON,D,55,0.0,0.0,0.0,0.0,0.0,0.0,0.0,0.0,0.0,0.0,0.0,0.0
BIEGA,ALEX,D,55,8.0,4.0,1.0,3.0,4.0,2.0,2.0,0.0,8.0,8.0,0.0,0.0
COBURN,BRAYDON,D,55,17.0,2.0,4.0,11.0,7.0,6.0,4.0,0.0,13.0,14.0,0.0,3.0
SUMMERS,CHRIS,D,55,0.0,0.0,0.0,0.0,0.0,0.0,0.0,0.0,0.0,0.0,0.0,0.0
EHRHOFF,CHRISTIAN,D,55,0.0,0.0,0.0,0.0,0.0,0.0,0.0,0.0,0.0,0.0,0.0,0.0
PARAYKO,COLTON,D,55,33.0,3.0,8.0,22.0,12.0,7.0,14.0,0.0,29.0,31.0,0.0,2.0
SCHULTZ,JEFF,D,55,0.0,0.0,0.0,0.0,0.0,0.0,0.0,0.0,0.0,0.0,0.0,0.0
RAMAGE,JOHN,D,55,0.0,0.0,0.0,0.0,0.0,0.0,0.0,0.0,0.0,0.0,0.0,0.0
BOYCHUK,JOHNNY,D,55,21.0,5.0,3.0,13.0,11.0,7.0,3.0,0.0,19.0,19.0,0.0,2.0
SCHULTZ,NICK,D,55,4.0,0.0,1.0,3.0,2.0,1.0,1.0,0.0,3.0,3.0,0.0,1.0
KRONWALL,NIKLAS,D,55,9.0,3.0,0.0,6.0,4.0,0.0,4.0,1.0,6.0,8.0,1.0,0.0
RISTOLAINEN,RASMUS,D,55,20.0,4.0,0.0,16.0,8.0,6.0,5.0,1.0,14.0,15.0,1.0,4.0
LOOV,VIKTOR,D,55,0.0,0.0,0.0,0.0,0.0,0.0,0.0,0.0,0.0,0.0,0.0,0.0
MCLEOD,CODY,L,55,6.0,2.0,1.0,3.0,2.0,1.0,3.0,0.0,6.0,6.0,0.0,0.0
ROBINSON,BUDDY,R,55,0.0,0.0,0.0,0.0,0.0,0.0,0.0,0.0,0.0,0.0,0.0,0.0
FRIESEN,ALEX,C,56,1.0,1.0,0.0,0.0,0.0,1.0,0.0,0.0,1.0,1.0,0.0,0.0
FROESE,BYRON,C,56,20.0,7.0,4.0,9.0,6.0,9.0,5.0,0.0,15.0,16.0,0.0,4.0
DANO,MARKO,C,56,10.0,5.0,2.0,3.0,3.0,4.0,3.0,0.0,10.0,10.0,0.0,0.0
MATHESON,MICHAEL,D,56,1.0,0.0,1.0,0.0,0.0,1.0,0.0,0.0,1.0,1.0,0.0,0.0
CROSS,TOMMY,D,56,0.0,0.0,0.0,0.0,0.0,0.0,0.0,0.0,0.0,0.0,0.0,0.0
PIETILA,BLAKE,L,56,0.0,0.0,0.0,0.0,0.0,0.0,0.0,0.0,0.0,0.0,0.0,0.0
WOODS,BRENDAN,L,56,1.0,1.0,0.0,0.0,1.0,0.0,0.0,0.0,1.0,1.0,0.0,0.0
HAULA,ERIK,L,56,34.0,13.0,14.0,7.0,11.0,12.0,11.0,0.0,27.0,28.0,0.0,6.0
FIALA,KEVIN,L,56,0.0,0.0,0.0,0.0,0.0,0.0,0.0,0.0,0.0,0.0,0.0,0.0
PAAJARVI,MAGNUS,L,56,8.0,4.0,1.0,3.0,2.0,2.0,4.0,0.0,7.0,7.0,0.0,1.0
BECK,TAYLOR,L,56,0.0,0.0,0.0,0.0,0.0,0.0,0.0,0.0,0.0,0.0,0.0,0.0
PULKKINEN,TEEMU,L,56,12.0,9.0,1.0,2.0,1.0,5.0,6.0,0.0,11.0,11.0,1.0,0.0
BAILEY,JUSTIN,R,56,4.0,2.0,1.0,1.0,2.0,1.0,1.0,0.0,4.0,4.0,0.0,0.0
GRANT,DEREK,C,57,3.0,2.0,0.0,1.0,1.0,1.0,1.0,0.0,3.0,3.0,0.0,0.0
WINGELS,TOMMY,C,57,21.0,9.0,5.0,7.0,11.0,6.0,4.0,0.0,18.0,18.0,0.0,3.0
VAN RIEMSDYK,TREVOR,D,57,17.0,4.0,3.0,10.0,4.0,4.0,8.0,1.0,14.0,16.0,0.0,1.0
MYERS,TYLER,D,57,45.0,8.0,8.0,29.0,18.0,12.0,15.0,0.0,31.0,33.0,4.0,8.0
PERRON,DAVID,L,57,22.0,15.0,2.0,5.0,7.0,11.0,4.0,0.0,20.0,20.0,2.0,0.0
BOURQUE,GABRIEL,L,57,3.0,1.0,2.0,0.0,3.0,0.0,0.0,0.0,2.0,2.0,0.0,1.0
MILLER,ANDREW,C,58,1.0,1.0,0.0,0.0,0.0,1.0,0.0,0.0,1.0,1.0,0.0,0.0
CARRICK,CONNOR,D,58,0.0,0.0,0.0,0.0,0.0,0.0,0.0,0.0,0.0,0.0,0.0,0.0
SAVARD,DAVID,D,58,14.0,4.0,0.0,10.0,2.0,7.0,5.0,0.0,10.0,11.0,2.0,1.0
LETANG,KRIS,D,58,47.0,6.0,7.0,34.0,15.0,11.0,19.0,2.0,35.0,37.0,5.0,5.0
KYLINGTON,OLIVER,D,58,0.0,0.0,0.0,0.0,0.0,0.0,0.0,0.0,0.0,0.0,0.0,0.0
FEDUN,TAYLOR,D,58,0.0,0.0,0.0,0.0,0.0,0.0,0.0,0.0,0.0,0.0,0.0,0.0
LEIER,TAYLOR,L,58,3.0,0.0,1.0,2.0,1.0,0.0,2.0,0.0,3.0,3.0,0.0,0.0
SCHALLER,TIM,C,59,3.0,0.0,1.0,2.0,2.0,1.0,0.0,0.0,2.0,2.0,0.0,1.0
JOSI,ROMAN,D,59,21.0,5.0,0.0,16.0,5.0,8.0,8.0,0.0,15.0,17.0,1.0,3.0
DZIURZYNSKI,DAVE,L,59,2.0,0.0,2.0,0.0,1.0,0.0,1.0,0.0,2.0,2.0,0.0,0.0
BURMISTROV,ALEXANDER,C,6,36.0,18.0,8.0,10.0,11.0,13.0,11.0,1.0,28.0,29.0,1.0,6.0
PARDY,ADAM,D,6,4.0,0.0,0.0,4.0,1.0,1.0,2.0,0.0,2.0,2.0,0.0,2.0
PETROVIC,ALEX,D,6,9.0,0.0,2.0,7.0,2.0,2.0,5.0,0.0,8.0,8.0,0.0,1.0
GREENE,ANDY,D,6,26.0,1.0,2.0,23.0,8.0,10.0,7.0,1.0,19.0,22.0,0.0,4.0
STRALMAN,ANTON,D,6,26.0,6.0,5.0,15.0,5.0,8.0,13.0,0.0,22.0,23.0,1.0,2.0
WIDEMAN,DENNIS,D,6,14.0,0.0,4.0,10.0,5.0,4.0,5.0,0.0,11.0,12.0,0.0,2.0
MCILRATH,DYLAN,D,6,9.0,3.0,2.0,4.0,5.0,1.0,3.0,0.0,9.0,9.0,0.0,0.0
JOHNSON,ERIK,D,6,30.0,4.0,9.0,17.0,10.0,14.0,6.0,0.0,24.0,25.0,1.0,4.0
PATERYN,GREG,D,6,12.0,3.0,0.0,9.0,5.0,3.0,4.0,0.0,11.0,11.0,0.0,1.0
MUZZIN,JAKE,D,6,13.0,0.0,1.0,12.0,2.0,6.0,5.0,0.0,9.0,11.0,0.0,2.0
EDMUNDSON,JOEL,D,6,7.0,1.0,2.0,4.0,2.0,3.0,2.0,0.0,7.0,7.0,0.0,0.0
SCANDELLA,MARCO,D,6,23.0,3.0,2.0,18.0,9.0,10.0,3.0,1.0,18.0,20.0,1.0,2.0
WEBER,MIKE,D,6,2.0,0.0,0.0,2.0,2.0,0.0,0.0,0.0,2.0,2.0,0.0,0.0
PULOCK,RYAN,D,6,3.0,1.0,0.0,2.0,1.0,1.0,1.0,0.0,3.0,3.0,0.0,0.0
WEBER,SHEA,D,6,19.0,3.0,3.0,13.0,7.0,8.0,3.0,1.0,8.0,9.0,3.0,7.0
DALEY,TREVOR,D,6,17.0,3.0,2.0,12.0,4.0,8.0,5.0,0.0,14.0,16.0,1.0,0.0
WEBER,YANNICK,D,6,10.0,0.0,5.0,5.0,2.0,3.0,5.0,0.0,10.0,10.0,0.0,0.0
RYAN,BOBBY,R,6,52.0,20.0,16.0,16.0,17.0,20.0,12.0,3.0,47.0,50.0,2.0,0.0
GRANLUND,MARKUS,C,60,19.0,8.0,6.0,5.0,10.0,5.0,4.0,0.0,17.0,17.0,0.0,2.0
TREUTLE,NIKLAS,G,60,0.0,0.0,0.0,0.0,0.0,0.0,0.0,0.0,0.0,0.0,0.0,0.0
BENOIT,ANDRE,D,61,0.0,0.0,0.0,0.0,0.0,0.0,0.0,0.0,0.0,0.0,0.0,0.0
KULAK,BRETT,D,61,3.0,1.0,0.0,2.0,0.0,2.0,1.0,0.0,3.0,3.0,0.0,0.0
BRAUN,JUSTIN,D,61,33.0,0.0,1.0,32.0,13.0,10.0,10.0,0.0,29.0,29.0,0.0,4.0
OUELLET,XAVIER,D,61,3.0,0.0,0.0,3.0,0.0,3.0,0.0,0.0,3.0,3.0,0.0,0.0
NASH,RICK,L,61,45.0,18.0,6.0,21.0,18.0,16.0,11.0,0.0,35.0,36.0,2.0,7.0
PLOTNIKOV,SERGEI,L,61,11.0,5.0,3.0,3.0,4.0,4.0,3.0,0.0,11.0,11.0,0.0,0.0
TOLCHINSKY,SERGEY,L,61,1.0,0.0,0.0,1.0,0.0,0.0,1.0,0.0,1.0,1.0,0.0,0.0
STONE,MARK,R,61,128.0,48.0,35.0,45.0,50.0,41.0,31.0,6.0,106.0,117.0,0.0,11.0
SUSTR,ANDREJ,D,62,16.0,1.0,2.0,13.0,3.0,7.0,6.0,0.0,13.0,14.0,0.0,2.0
GRYBA,ERIC,D,62,16.0,1.0,2.0,13.0,4.0,3.0,7.0,2.0,11.0,13.0,0.0,3.0
TROTMAN,ZACH,D,62,2.0,0.0,0.0,2.0,1.0,1.0,0.0,0.0,2.0,2.0,0.0,0.0
HAGELIN,CARL,L,62,15.0,10.0,2.0,3.0,3.0,7.0,5.0,0.0,8.0,9.0,0.0,6.0
WAGNER,CHRIS,R,62,3.0,2.0,1.0,0.0,0.0,2.0,1.0,0.0,3.0,3.0,0.0,0.0
MARCHAND,BRAD,C,63,43.0,20.0,12.0,11.0,19.0,13.0,9.0,2.0,31.0,35.0,0.0,8.0
BOLLAND,DAVE,C,63,5.0,2.0,1.0,2.0,0.0,2.0,3.0,0.0,3.0,5.0,0.0,0.0
RIBEIRO,MIKE,C,63,22.0,11.0,4.0,7.0,8.0,7.0,7.0,0.0,21.0,21.0,1.0,0.0
ENNIS,TYLER,C,63,11.0,7.0,2.0,2.0,7.0,2.0,2.0,0.0,11.0,11.0,0.0,0.0
GABRIEL,KURTIS,R,63,1.0,1.0,0.0,0.0,0.0,1.0,0.0,0.0,1.0,1.0,0.0,0.0
BLANDISI,JOSEPH,C,64,19.0,9.0,3.0,7.0,5.0,10.0,4.0,0.0,17.0,18.0,1.0,0.0
GRANLUND,MIKAEL,C,64,51.0,19.0,14.0,18.0,17.0,12.0,20.0,2.0,43.0,46.0,4.0,1.0
BARTLEY,VICTOR,D,64,0.0,0.0,0.0,0.0,0.0,0.0,0.0,0.0,0.0,0.0,0.0,0.0
HATHAWAY,GARNET,R,64,4.0,2.0,2.0,0.0,3.0,1.0,0.0,0.0,4.0,4.0,0.0,0.0
NOESEN,STEFAN,R,64,0.0,0.0,0.0,0.0,0.0,0.0,0.0,0.0,0.0,0.0,0.0,0.0
RANDELL,TYLER,R,64,6.0,2.0,2.0,2.0,2.0,2.0,2.0,0.0,6.0,6.0,0.0,0.0
SHAW,ANDREW,C,65,21.0,8.0,6.0,7.0,8.0,7.0,6.0,0.0,20.0,20.0,0.0,1.0
ELSON,TURNER,C,65,0.0,0.0,0.0,0.0,0.0,0.0,0.0,0.0,0.0,0.0,0.0,0.0
GOURDE,YANNI,C,65,0.0,0.0,0.0,0.0,0.0,0.0,0.0,0.0,0.0,0.0,0.0,0.0
DEKEYSER,DANNY,D,65,17.0,1.0,3.0,13.0,6.0,5.0,6.0,0.0,15.0,16.0,0.0,1.0
KARLSSON,ERIK,D,65,61.0,14.0,17.0,30.0,11.0,21.0,21.0,8.0,47.0,57.0,0.0,4.0
HAINSEY,RON,D,65,34.0,5.0,5.0,24.0,13.0,9.0,8.0,4.0,23.0,29.0,0.0,5.0
STOLARZ,ANTHONY,G,65,0.0,0.0,0.0,0.0,0.0,0.0,0.0,0.0,0.0,0.0,0.0,0.0
BURAKOVSKY,ANDRE,L,65,34.0,19.0,7.0,8.0,16.0,8.0,9.0,1.0,32.0,34.0,0.0,0.0
GRENIER,ALEXANDRE,R,65,3.0,1.0,1.0,1.0,3.0,0.0,0.0,0.0,3.0,3.0,0.0,0.0
DOWD,NIC,C,67,3.0,2.0,1.0,0.0,1.0,1.0,1.0,0.0,2.0,2.0,0.0,1.0
KERO,TANNER,C,67,8.0,3.0,1.0,4.0,5.0,1.0,2.0,0.0,6.0,6.0,0.0,2.0
HARPUR,BEN,D,67,0.0,0.0,0.0,0.0,0.0,0.0,0.0,0.0,0.0,0.0,0.0,0.0
POULIOT,BENOIT,L,67,32.0,17.0,5.0,10.0,14.0,9.0,9.0,0.0,26.0,27.0,2.0,3.0
PACIORETTY,MAX,L,67,35.0,15.0,7.0,13.0,15.0,11.0,7.0,2.0,26.0,29.0,1.0,5.0
BROWN,CHRIS,R,67,0.0,0.0,0.0,0.0,0.0,0.0,0.0,0.0,0.0,0.0,0.0,0.0
FROLIK,MICHAEL,R,67,27.0,10.0,8.0,9.0,8.0,6.0,12.0,1.0,20.0,21.0,0.0,6.0
RAKELL,RICKARD,R,67,29.0,14.0,8.0,7.0,14.0,4.0,9.0,2.0,23.0,27.0,2.0,0.0
KARLSSON,MELKER,C,68,24.0,12.0,9.0,3.0,7.0,9.0,8.0,0.0,19.0,20.0,1.0,3.0
HOFFMAN,MIKE,C,68,44.0,18.0,10.0,16.0,22.0,12.0,8.0,2.0,36.0,40.0,4.0,0.0
JAGR,JAROMIR,R,68,33.0,13.0,12.0,8.0,13.0,9.0,11.0,0.0,32.0,32.0,1.0,0.0
COGLIANO,ANDREW,C,7,26.0,11.0,7.0,8.0,12.0,7.0,7.0,0.0,21.0,21.0,0.0,5.0
MITCHELL,JOHN,C,7,33.0,10.0,10.0,13.0,12.0,11.0,10.0,0.0,24.0,25.0,0.0,8.0
TURRIS,KYLE,C,7,16.0,10.0,3.0,3.0,7.0,4.0,4.0,1.0,14.0,15.0,0.0,1.0
CULLEN,MATT,C,7,19.0,9.0,2.0,8.0,7.0,5.0,5.0,2.0,12.0,15.0,0.0,4.0
CHIAROT,BEN,D,7,15.0,2.0,2.0,11.0,4.0,7.0,4.0,0.0,14.0,14.0,0.0,1.0
SEABROOK,BRENT,D,7,19.0,2.0,2.0,15.0,6.0,5.0,8.0,0.0,15.0,15.0,1.0,3.0
FORBORT,DEREK,D,7,0.0,0.0,0.0,0.0,0.0,0.0,0.0,0.0,0.0,0.0,0.0,0.0
KULIKOV,DMITRY,D,7,31.0,3.0,8.0,20.0,14.0,13.0,4.0,0.0,24.0,27.0,0.0,4.0
JOHNSON,JACK,D,7,8.0,1.0,0.0,7.0,0.0,4.0,4.0,0.0,7.0,8.0,0.0,0.0
MERRILL,JON,D,7,7.0,0.0,2.0,5.0,2.0,3.0,2.0,0.0,7.0,7.0,0.0,0.0
MARTIN,PAUL,D,7,26.0,1.0,5.0,20.0,8.0,8.0,10.0,0.0,26.0,26.0,0.0,0.0
SCUDERI,ROB,D,7,1.0,1.0,0.0,0.0,0.0,1.0,0.0,0.0,1.0,1.0,0.0,0.0
MURPHY,RYAN,D,7,11.0,2.0,3.0,6.0,2.0,6.0,3.0,0.0,11.0,11.0,0.0,0.0
ELLIOTT,STEFAN,D,7,1.0,0.0,0.0,1.0,0.0,0.0,1.0,0.0,1.0,1.0,0.0,0.0
BRODIE,TJ,D,7,47.0,3.0,5.0,39.0,15.0,17.0,10.0,5.0,30.0,33.0,2.0,12.0
PORTER,CHRIS,L,7,15.0,8.0,4.0,3.0,5.0,6.0,4.0,0.0,10.0,10.0,0.0,5.0
VEY,LINDEN,R,7,16.0,5.0,4.0,7.0,10.0,2.0,4.0,0.0,15.0,15.0,0.0,1.0
RASMUSSEN,DENNIS,C,70,7.0,5.0,1.0,1.0,3.0,1.0,3.0,0.0,7.0,7.0,0.0,0.0
HOLTBY,BRADEN,G,70,0.0,0.0,0.0,0.0,0.0,0.0,0.0,0.0,0.0,0.0,0.0,0.0
KORPISALO,JOONAS,G,70,0.0,0.0,0.0,0.0,0.0,0.0,0.0,0.0,0.0,0.0,0.0,0.0
SUBBAN,MALCOLM,G,70,0.0,0.0,0.0,0.0,0.0,0.0,0.0,0.0,0.0,0.0,0.0,0.0
PEARSON,TANNER,L,70,27.0,12.0,9.0,6.0,10.0,6.0,10.0,1.0,21.0,23.0,0.0,4.0
RENDULIC,BORNA,C,71,1.0,1.0,0.0,0.0,1.0,0.0,0.0,0.0,1.0,1.0,0.0,0.0
LARKIN,DYLAN,C,71,43.0,20.0,9.0,14.0,17.0,7.0,16.0,3.0,36.0,41.0,1.0,1.0
RODRIGUES,EVAN,C,71,0.0,0.0,0.0,0.0,0.0,0.0,0.0,0.0,0.0,0.0,0.0,0.0
MALKIN,EVGENI,C,71,54.0,25.0,13.0,16.0,15.0,14.0,23.0,2.0,49.0,51.0,2.0,1.0
NOLAN,JORDAN,C,71,4.0,1.0,0.0,3.0,2.0,2.0,0.0,0.0,4.0,4.0,0.0,0.0
HANLEY,JOEL,D,71,2.0,0.0,1.0,1.0,0.0,1.0,1.0,0.0,2.0,2.0,0.0,0.0
MELCHIORI,JULIAN,D,71,2.0,0.0,0.0,2.0,1.0,0.0,1.0,0.0,2.0,2.0,0.0,0.0
FOLIGNO,NICK,L,71,27.0,16.0,6.0,5.0,11.0,10.0,6.0,0.0,25.0,25.0,2.0,0.0
ATHANASIOU,ANDREAS,C,72,11.0,4.0,1.0,6.0,3.0,5.0,3.0,0.0,10.0,10.0,0.0,1.0
PANARIN,ARTEMI,C,72,29.0,15.0,3.0,11.0,9.0,8.0,10.0,2.0,25.0,28.0,1.0,0.0
VATRANO,FRANK,C,72,16.0,7.0,5.0,4.0,5.0,5.0,6.0,0.0,16.0,16.0,0.0,0.0
BOBROVSKY,SERGEI,G,72,0.0,0.0,0.0,0.0,0.0,0.0,0.0,0.0,0.0,0.0,0.0,0.0
HORNQVIST,PATRIC,R,72,28.0,11.0,9.0,8.0,6.0,14.0,8.0,0.0,22.0,26.0,2.0,0.0
KOSMACHUK,SCOTT,R,72,1.0,0.0,1.0,0.0,0.0,0.0,1.0,0.0,1.0,1.0,0.0,0.0
PIRRI,BRANDON,C,73,18.0,4.0,7.0,7.0,5.0,7.0,6.0,0.0,17.0,18.0,0.0,0.0
TOFFOLI,TYLER,C,73,32.0,15.0,6.0,11.0,12.0,10.0,10.0,0.0,22.0,26.0,0.0,6.0
EMELIN,ALEXEI,D,74,15.0,4.0,2.0,9.0,6.0,5.0,4.0,0.0,12.0,12.0,0.0,3.0
DEMELO,DYLAN,D,74,8.0,2.0,3.0,3.0,3.0,3.0,2.0,0.0,7.0,7.0,1.0,0.0
SLAVIN,JACCOB,D,74,54.0,10.0,8.0,36.0,21.0,17.0,12.0,4.0,42.0,47.0,0.0,7.0
CARLSON,JOHN,D,74,24.0,5.0,7.0,12.0,11.0,11.0,1.0,1.0,19.0,20.0,3.0,1.0
BOROWIECKI,MARK,D,74,3.0,0.0,0.0,3.0,2.0,1.0,0.0,0.0,1.0,1.0,0.0,2.0
KING,DWIGHT,L,74,5.0,1.0,1.0,3.0,1.0,2.0,2.0,0.0,4.0,4.0,0.0,1.0
REAVES,RYAN,R,75,8.0,5.0,2.0,1.0,4.0,2.0,2.0,0.0,8.0,8.0,0.0,0.0
KHOKHLACHEV,ALEX,C,76,0.0,0.0,0.0,0.0,0.0,0.0,0.0,0.0,0.0,0.0,0.0,0.0
VANDEVELDE,CHRIS,C,76,21.0,7.0,7.0,7.0,8.0,7.0,6.0,0.0,14.0,14.0,0.0,7.0
DAUPHIN,LAURENT,C,76,3.0,1.0,1.0,1.0,0.0,1.0,2.0,0.0,3.0,3.0,0.0,0.0
SKJEI,BRADY,D,76,4.0,0.0,0.0,4.0,0.0,1.0,3.0,0.0,2.0,2.0,0.0,2.0
SUBBAN,P.K.,D,76,23.0,7.0,2.0,14.0,8.0,7.0,8.0,0.0,16.0,17.0,4.0,2.0
DE LEO,CHASE,C,77,0.0,0.0,0.0,0.0,0.0,0.0,0.0,0.0,0.0,0.0,0.0,0.0
CARTER,JEFF,C,77,26.0,11.0,6.0,9.0,10.0,10.0,5.0,1.0,21.0,23.0,1.0,2.0
SGARBOSSA,MICHAEL,C,77,0.0,0.0,0.0,0.0,0.0,0.0,0.0,0.0,0.0,0.0,0.0,0.0
KLEFBOM,OSCAR,D,77,10.0,3.0,0.0,7.0,3.0,3.0,4.0,0.0,7.0,8.0,1.0,1.0
GILBERT,TOM,D,77,6.0,1.0,0.0,5.0,2.0,2.0,2.0,0.0,2.0,3.0,0.0,3.0
HEDMAN,VICTOR,D,77,48.0,6.0,18.0,24.0,20.0,13.0,15.0,0.0,39.0,40.0,4.0,4.0
OSHIE,T.J.,R,77,62.0,31.0,13.0,18.0,21.0,23.0,18.0,0.0,45.0,47.0,7.0,8.0
BELLEMARE,PIERRE-EDOUARD,L,78,37.0,14.0,11.0,12.0,8.0,7.0,19.0,3.0,26.0,29.0,0.0,8.0
MARKOV,ANDREI,D,79,38.0,8.0,7.0,23.0,12.0,10.0,16.0,0.0,27.0,28.0,4.0,6.0
FERLAND,MICHEAL,L,79,37.0,17.0,8.0,12.0,13.0,14.0,10.0,0.0,36.0,36.0,0.0,1.0
COLBORNE,JOE,C,8,27.0,12.0,8.0,7.0,12.0,12.0,3.0,0.0,23.0,23.0,2.0,2.0
PAVELSKI,JOE,C,8,46.0,21.0,17.0,8.0,16.0,10.0,19.0,1.0,36.0,40.0,5.0,1.0
RIEDER,TOBIAS,C,8,31.0,10.0,11.0,10.0,11.0,10.0,9.0,1.0,20.0,23.0,1.0,7.0
DUMOULIN,BRIAN,D,8,32.0,1.0,3.0,28.0,11.0,10.0,11.0,0.0,27.0,28.0,1.0,3.0
TANEV,CHRISTOPHER,D,8,14.0,1.0,0.0,13.0,4.0,7.0,3.0,0.0,11.0,11.0,0.0,3.0
CARRICK,CONNOR,D,8,6.0,2.0,0.0,4.0,2.0,1.0,3.0,0.0,5.0,6.0,0.0,0.0
SCHLEMKO,DAVID,D,8,16.0,2.0,2.0,12.0,3.0,6.0,7.0,0.0,10.0,11.0,1.0,4.0
DOUGHTY,DREW,D,8,10.0,1.0,0.0,9.0,2.0,4.0,4.0,0.0,9.0,10.0,0.0,0.0
REINHART,GRIFFIN,D,8,6.0,0.0,1.0,5.0,3.0,0.0,3.0,0.0,5.0,5.0,0.0,1.0
TROUBA,JACOB,D,8,29.0,8.0,6.0,15.0,7.0,13.0,9.0,0.0,20.0,20.0,3.0,6.0
KLEIN,KEVIN,D,8,20.0,2.0,7.0,11.0,5.0,10.0,5.0,0.0,14.0,16.0,1.0,3.0
GRANBERG,PETTER,D,8,0.0,0.0,0.0,0.0,0.0,0.0,0.0,0.0,0.0,0.0,0.0,0.0
OVECHKIN,ALEX,L,8,24.0,15.0,6.0,3.0,7.0,6.0,11.0,0.0,19.0,19.0,5.0,0.0
ABDELKADER,JUSTIN,L,8,23.0,7.0,6.0,10.0,11.0,6.0,6.0,0.0,12.0,12.0,1.0,10.0
SKILLE,JACK,R,8,17.0,5.0,7.0,5.0,7.0,5.0,5.0,0.0,15.0,15.0,0.0,2.0
TENNYSON,MATT,D,80,1.0,0.0,0.0,1.0,0.0,1.0,0.0,0.0,1.0,1.0,0.0,0.0
MARCHESSAULT,JONATHAN,C,81,5.0,3.0,0.0,2.0,1.0,2.0,2.0,0.0,3.0,3.0,2.0,0.0
ELLER,LARS,C,81,46.0,20.0,10.0,16.0,16.0,11.0,17.0,2.0,35.0,39.0,1.0,6.0
KESSEL,PHIL,C,81,26.0,15.0,7.0,4.0,9.0,9.0,8.0,0.0,23.0,23.0,3.0,0.0
HOSSA,MARIAN,R,81,44.0,15.0,12.0,17.0,22.0,10.0,12.0,0.0,36.0,37.0,2.0,5.0
MEDVEDEV,EVGENY,D,82,13.0,1.0,4.0,8.0,2.0,5.0,6.0,0.0,10.0,12.0,0.0,1.0
OESTERLE,JORDAN,D,82,8.0,1.0,0.0,7.0,0.0,5.0,3.0,0.0,5.0,6.0,2.0,0.0
FOLIGNO,MARCUS,L,82,30.0,15.0,7.0,8.0,13.0,8.0,9.0,0.0,24.0,24.0,1.0,5.0
GOLDOBIN,NIKOLAY,R,82,3.0,3.0,0.0,0.0,1.0,1.0,1.0,0.0,3.0,3.0,0.0,0.0
BEAGLE,JAY,C,83,20.0,7.0,6.0,7.0,10.0,2.0,8.0,0.0,13.0,14.0,0.0,6.0
NIETO,MATT,L,83,17.0,5.0,7.0,5.0,7.0,6.0,4.0,0.0,15.0,15.0,0.0,2.0
NOSEK,TOMAS,L,83,3.0,1.0,0.0,2.0,1.0,2.0,0.0,0.0,2.0,2.0,0.0,1.0
HEMSKY,ALES,R,83,22.0,12.0,7.0,3.0,9.0,9.0,4.0,0.0,22.0,22.0,0.0,0.0
SISSONS,COLTON,C,84,5.0,1.0,3.0,1.0,2.0,3.0,0.0,0.0,4.0,4.0,0.0,1.0
GRABOVSKI,MIKHAIL,C,84,28.0,10.0,3.0,15.0,8.0,9.0,11.0,0.0,23.0,27.0,1.0,0.0
VARONE,PHILIP,C,84,0.0,0.0,0.0,0.0,0.0,0.0,0.0,0.0,0.0,0.0,0.0,0.0
PERREAULT,MATHIEU,C,85,31.0,19.0,6.0,6.0,10.0,11.0,9.0,1.0,27.0,30.0,1.0,0.0
ELLIS,MORGAN,D,85,0.0,0.0,0.0,0.0,0.0,0.0,0.0,0.0,0.0,0.0,0.0,0.0
MILLER,KEVAN,D,86,12.0,1.0,1.0,10.0,7.0,1.0,4.0,0.0,10.0,10.0,0.0,2.0
NIKITIN,NIKITA,D,86,0.0,0.0,0.0,0.0,0.0,0.0,0.0,0.0,0.0,0.0,0.0,0.0
BRICKLEY,CONNOR,L,86,4.0,3.0,0.0,1.0,0.0,2.0,2.0,0.0,4.0,4.0,0.0,0.0
KULEMIN,NIKOLAY,L,86,32.0,9.0,6.0,17.0,10.0,12.0,10.0,0.0,21.0,22.0,0.0,10.0
TERAVAINEN,TEUVO,L,86,35.0,14.0,12.0,9.0,14.0,7.0,14.0,0.0,28.0,31.0,0.0,4.0
KUCHEROV,NIKITA,R,86,34.0,19.0,10.0,5.0,12.0,7.0,14.0,1.0,29.0,32.0,2.0,0.0
CROSBY,SIDNEY,C,87,40.0,19.0,10.0,11.0,14.0,14.0,11.0,1.0,37.0,38.0,2.0,0.0
DAVIDSON,BRANDON,D,88,19.0,3.0,2.0,14.0,7.0,7.0,5.0,0.0,15.0,15.0,0.0,4.0
BURNS,BRENT,D,88,53.0,7.0,7.0,39.0,21.0,21.0,11.0,0.0,41.0,41.0,2.0,10.0
SCHMIDT,NATE,D,88,34.0,2.0,6.0,26.0,12.0,14.0,8.0,0.0,26.0,28.0,0.0,6.0
TRYAMKIN,NIKITA,D,88,1.0,0.0,0.0,1.0,0.0,1.0,0.0,0.0,1.0,1.0,0.0,0.0
VASILEVSKIY,ANDREI,G,88,0.0,0.0,0.0,0.0,0.0,0.0,0.0,0.0,0.0,0.0,0.0,0.0
MCGINN,JAMIE,L,88,18.0,11.0,3.0,4.0,7.0,4.0,7.0,0.0,13.0,13.0,5.0,0.0
PASTRNAK,DAVID,R,88,35.0,15.0,12.0,8.0,10.0,12.0,13.0,0.0,33.0,35.0,0.0,0.0
KANE,PATRICK,R,88,34.0,15.0,9.0,10.0,12.0,15.0,7.0,0.0,31.0,34.0,0.0,0.0
GOODROW,BARCLAY,C,89,3.0,2.0,1.0,0.0,1.0,1.0,1.0,0.0,3.0,3.0,0.0,0.0
GAGNER,SAM,C,89,20.0,16.0,4.0,0.0,8.0,5.0,6.0,1.0,18.0,19.0,1.0,0.0
NESTEROV,NIKITA,D,89,8.0,4.0,0.0,4.0,3.0,3.0,2.0,0.0,6.0,7.0,1.0,0.0
JOHNSTON,RYAN,D,89,0.0,0.0,0.0,0.0,0.0,0.0,0.0,0.0,0.0,0.0,0.0,0.0
MCCORMICK,MAX,L,89,8.0,3.0,2.0,3.0,2.0,3.0,3.0,0.0,8.0,8.0,0.0,0.0
BOEDKER,MIKKEL,L,89,38.0,19.0,8.0,11.0,12.0,13.0,12.0,1.0,34.0,36.0,2.0,0.0
COPP,ANDREW,C,9,10.0,5.0,3.0,2.0,6.0,1.0,3.0,0.0,8.0,8.0,0.0,2.0
ZUBRUS,DAINIUS,C,9,15.0,7.0,2.0,6.0,9.0,6.0,0.0,0.0,14.0,14.0,0.0,1.0
CAMPBELL,GREGORY,C,9,14.0,8.0,2.0,4.0,8.0,3.0,3.0,0.0,11.0,11.0,0.0,3.0
TLUSTY,JIRI,C,9,8.0,3.0,2.0,3.0,2.0,5.0,1.0,0.0,7.0,7.0,1.0,0.0
DUCHENE,MATT,C,9,43.0,22.0,8.0,13.0,13.0,15.0,13.0,2.0,37.0,41.0,2.0,0.0
KOIVU,MIKKO,C,9,37.0,20.0,8.0,9.0,15.0,12.0,10.0,0.0,33.0,34.0,2.0,1.0
OTT,STEVE,C,9,3.0,0.0,1.0,2.0,0.0,2.0,1.0,0.0,1.0,1.0,0.0,2.0
JOHNSON,TYLER,C,9,19.0,8.0,1.0,10.0,9.0,3.0,5.0,2.0,14.0,17.0,1.0,1.0
ORLOV,DMITRY,D,9,37.0,12.0,8.0,17.0,13.0,13.0,11.0,0.0,32.0,33.0,3.0,1.0
PRUST,BRANDON,L,9,5.0,2.0,1.0,2.0,3.0,1.0,1.0,0.0,4.0,4.0,0.0,1.0
KANE,EVANDER,L,9,37.0,15.0,7.0,15.0,11.0,17.0,4.0,5.0,23.0,30.0,1.0,6.0
FORSBERG,FILIP,L,9,72.0,27.0,18.0,27.0,23.0,25.0,22.0,2.0,59.0,64.0,1.0,7.0
MICHALEK,MILAN,L,9,17.0,8.0,4.0,5.0,10.0,2.0,5.0,0.0,14.0,14.0,1.0,2.0
DUPUIS,PASCAL,L,9,2.0,0.0,0.0,2.0,0.0,2.0,0.0,0.0,0.0,0.0,0.0,2.0
TIKHONOV,VIKTOR,R,9,7.0,3.0,4.0,0.0,2.0,3.0,2.0,0.0,5.0,6.0,1.0,0.0
SPEZZA,JASON,C,90,45.0,25.0,5.0,15.0,16.0,11.0,18.0,0.0,41.0,43.0,1.0,1.0
O'REILLY,RYAN,C,90,47.0,16.0,17.0,14.0,21.0,10.0,16.0,0.0,37.0,41.0,1.0,5.0
NAMESTNIKOV,VLADISLAV,C,90,15.0,5.0,6.0,4.0,7.0,4.0,4.0,0.0,13.0,13.0,2.0,0.0
JOHANSSON,MARCUS,L,90,35.0,24.0,3.0,8.0,18.0,9.0,7.0,1.0,29.0,31.0,4.0,0.0
CHIASSON,ALEX,R,90,26.0,11.0,6.0,9.0,10.0,5.0,11.0,0.0,23.0,23.0,0.0,3.0
MCCANN,JARED,C,91,30.0,15.0,3.0,12.0,9.0,11.0,10.0,0.0,28.0,28.0,2.0,0.0
TAVARES,JOHN,C,91,69.0,30.0,12.0,27.0,22.0,30.0,17.0,0.0,63.0,69.0,0.0,0.0
STAMKOS,STEVEN,C,91,45.0,21.0,11.0,13.0,11.0,20.0,11.0,3.0,32.0,36.0,5.0,4.0
SEGUIN,TYLER,C,91,21.0,8.0,10.0,3.0,5.0,10.0,3.0,3.0,17.0,20.0,1.0,0.0
TARASENKO,VLADIMIR,R,91,38.0,18.0,9.0,11.0,10.0,14.0,11.0,3.0,28.0,32.0,3.0,3.0
KUZNETSOV,EVGENY,C,92,61.0,23.0,15.0,23.0,17.0,18.0,21.0,5.0,52.0,60.0,1.0,0.0
RAU,KYLE,C,92,3.0,2.0,1.0,0.0,1.0,0.0,2.0,0.0,3.0,3.0,0.0,0.0
JOHANSEN,RYAN,C,92,18.0,8.0,7.0,3.0,5.0,6.0,7.0,0.0,17.0,18.0,0.0,0.0
LANDESKOG,GABRIEL,L,92,37.0,10.0,8.0,19.0,10.0,17.0,9.0,1.0,31.0,32.0,2.0,3.0
FRANZEN,JOHAN,C,93,0.0,0.0,0.0,0.0,0.0,0.0,0.0,0.0,0.0,0.0,0.0,0.0
ZIBANEJAD,MIKA,C,93,39.0,16.0,9.0,14.0,11.0,15.0,11.0,2.0,26.0,31.0,3.0,5.0
NUGENT-HOPKINS,RYAN,C,93,43.0,18.0,8.0,17.0,18.0,14.0,10.0,1.0,37.0,38.0,1.0,4.0
BENNETT,SAM,C,93,34.0,19.0,4.0,11.0,14.0,9.0,10.0,1.0,32.0,33.0,1.0,0.0
GOMEZ,SCOTT,C,93,4.0,2.0,0.0,2.0,0.0,2.0,2.0,0.0,3.0,4.0,0.0,0.0
YANDLE,KEITH,D,93,27.0,6.0,1.0,20.0,9.0,10.0,8.0,0.0,23.0,23.0,4.0,0.0
VORACEK,JAKUB,R,93,26.0,10.0,8.0,8.0,6.0,11.0,9.0,0.0,24.0,25.0,0.0,1.0
ETEM,EMERSON,R,96,13.0,8.0,3.0,2.0,3.0,4.0,6.0,0.0,12.0,12.0,1.0,0.0
RANTANEN,MIKKO,R,96,1.0,0.0,0.0,1.0,0.0,1.0,0.0,0.0,1.0,1.0,0.0,0.0
MCDAVID,CONNOR,C,97,33.0,12.0,5.0,16.0,13.0,6.0,14.0,0.0,24.0,27.0,3.0,3.0
